Name,Count,
OLIVER ,6623,
HARRY ,5284,
GEORGE ,5263,
JACK ,4751,
JACOB ,4485,
NOAH ,4305,
CHARLIE ,4190,
MUHAMMAD ,3908,
THOMAS ,3898,
OSCAR ,3894,
WILLIAM ,3819,
JAMES ,3580,
LEO ,3563,
ALFIE ,3555,
HENRY ,3527,
JOSHUA ,3495,
FREDDIE ,3287,
ARCHIE ,2791,
ETHAN ,2722,
ISAAC ,2662,
ALEXANDER ,2567,
JOSEPH ,2506,
EDWARD ,2429,
SAMUEL ,2413,
MAX ,2405,
LOGAN ,2335,
LUCAS ,2332,
DANIEL ,2290,
THEO ,2279,
ARTHUR ,2270,
MOHAMMED ,2228,
HARRISON ,2220,
BENJAMIN ,2153,
MASON ,2131,
FINLEY ,2022,
SEBASTIAN ,1990,
ADAM ,1815,
DYLAN ,1784,
ZACHARY ,1670,
RILEY ,1556,
TEDDY ,1491,
THEODORE ,1484,
DAVID ,1461,
ELIJAH ,1412,
JAKE ,1405,
TOBY ,1400,
LOUIE ,1380,
REUBEN ,1322,
ARLO ,1285,
HUGO ,1234,
JAXON ,1161,
LUCA ,1144,
MATTHEW ,1110,
HARVEY ,1102,
HARLEY ,1083,
REGGIE ,1083,
TOMMY ,1066,
JENSON ,1064,
LUKE ,1056,
MICHAEL ,1056,
JAYDEN ,1050,
JUDE ,1047,
FRANKIE ,1029,
ALBERT ,1028,
STANLEY ,1019,
ELLIOT ,999,
GABRIEL ,995,
MOHAMMAD ,948,
OLLIE ,923,
RONNIE ,921,
LOUIS ,911,
CHARLES ,910,
BLAKE ,893,
ELLIOTT ,892,
LEWIS ,884,
FREDERICK ,874,
NATHAN ,872,
TYLER ,863,
JACKSON ,858,
RORY ,856,
RYAN ,855,
CARTER ,839,
DEXTER ,831,
ALEX ,813,
AUSTIN ,812,
CALEB ,810,
KAI ,794,
ALBIE ,788,
ELLIS ,783,
BOBBY ,775,
EZRA ,763,
LEON ,737,
ROMAN ,737,
JESSE ,723,
AARON ,704,
IBRAHIM ,701,
LIAM ,698,
JASPER ,683,
FELIX ,666,
FINN ,650,
TOBIAS ,647,
JAMIE ,641,
CONNOR ,638,
AIDEN ,622,
ELI ,619,
ROWAN ,619,
SETH ,611,
YUSUF ,610,
ROBERT ,597,
CALLUM ,594,
ALFRED ,589,
RALPH ,587,
OWEN ,586,
PATRICK ,582,
DOMINIC ,573,
SONNY ,563,
HUNTER ,538,
MUHAMMED ,534,
JOEL ,524,
JOHN ,512,
EVAN ,509,
AYAAN ,507,
MAXWELL ,504,
MILO ,504,
KIAN ,499,
CODY ,491,
BILLY ,485,
LINCOLN ,478,
NATHANIEL ,476,
FINLAY ,467,
JOEY ,459,
LEONARDO ,453,
ALI ,452,
OAKLEY ,445,
ROCCO ,441,
RUPERT ,438,
MUSA ,431,
CHRISTOPHER ,428,
GRAYSON ,427,
ANTHONY ,422,
KAYDEN ,422,
PARKER ,407,
BAILEY ,406,
JAXSON ,405,
COLE ,396,
SPENCER ,396,
COOPER ,390,
ERIC ,390,
RHYS ,390,
MAXIMILIAN ,389,
BRADLEY ,388,
NICHOLAS ,388,
BRODY ,384,
HUDSON ,383,
FILIP ,382,
VINCENT ,380,
JONAH ,378,
CAMERON ,373,
JAKUB ,373,
TED ,368,
AIDAN ,365,
ABDULLAH ,364,
RUBEN ,363,
TRISTAN ,361,
ZAC ,355,
KEVIN ,352,
LEVI ,348,
ELIAS ,342,
FLYNN ,342,
JASON ,340,
AHMED ,338,
YAHYA ,333,
REX ,328,
ASHTON ,327,
FRANK ,326,
RAYAN ,326,
MOHAMED ,321,
CHASE ,320,
MAXIMUS ,319,
MILES ,319,
ALAN ,312,
JAX ,311,
WILFRED ,306,
VINNIE ,305,
BEAU ,301,
EESA ,300,
SAM ,300,
MARLEY ,297,
PETER ,297,
ZAYN ,296,
OLLY ,294,
SYED ,294,
HAMZA ,292,
KYLE ,288,
HAYDEN ,287,
JENSEN ,287,
JONATHAN ,287,
KAIDEN ,286,
ROBIN ,286,
XAVIER ,283,
LUKAS ,279,
COREY ,276,
OMAR ,275,
ZAKARIYA ,274,
MARCUS ,273,
BEN ,272,
ABDUL ,271,
LENNY ,271,
ANDREW ,268,
TAYLOR ,268,
MYLES ,267,
ANTONI ,266,
OSKAR ,266,
ZACK ,266,
KACPER ,263,
FRANCIS ,259,
MORGAN ,257,
MUSTAFA ,257,
JORDAN ,256,
REECE ,255,
CONOR ,254,
ROHAN ,253,
ADRIAN ,251,
CHRISTIAN ,251,
BODHI ,248,
CHESTER ,248,
ABEL ,247,
IDRIS ,247,
FREDDY ,245,
OTIS ,245,
RAYYAN ,244,
ZAIN ,242,
FLETCHER ,241,
LEIGHTON ,241,
BARNABY ,240,
RAPHAEL ,240,
ISAIAH ,237,
FRASER ,232,
VICTOR ,232,
RAFAEL ,229,
LAYTON ,226,
SIDNEY ,224,
ZAK ,224,
EDDIE ,220,
ARYAN ,218,
RIO ,217,
BRANDON ,216,
DANNY ,216,
JAY ,215,
LEONARD ,215,
MARCEL ,215,
MARTIN ,213,
BRODIE ,211,
UMAR ,207,
HECTOR ,206,
HASSAN ,205,
JOE ,205,
MARK ,205,
QUINN ,204,
EMMANUEL ,203,
ALEKSANDER ,202,
MICAH ,202,
JEREMIAH ,201,
LORENZO ,201,
JAN ,200,
RUFUS ,199,
NICOLAS ,197,
CASEY ,195,
LENNON ,195,
XANDER ,195,
MALACHI ,194,
AHMAD ,193,
ARJUN ,193,
FABIAN ,190,
DOMINIK ,185,
ENZO ,185,
ISMAIL ,185,
RICHARD ,184,
ZACH ,183,
JOSIAH ,181,
RAFFERTY ,181,
BUDDY ,180,
JULIAN ,180,
PHOENIX ,180,
PRESTON ,178,
OTTO ,177,
WYATT ,177,
ASHER ,176,
DOUGLAS ,175,
ARCHER ,174,
FRANKLIN ,171,
IVAN ,171,
HARRI ,170,
DECLAN ,169,
COHEN ,168,
REGINALD ,166,
RAFE ,165,
TIMOTHY ,162,
HARRIS ,161,
KIT ,161,
SZYMON ,161,
TEDDIE ,160,
AARAV ,159,
PAUL ,159,
TRAVIS ,159,
AMIR ,158,
BILAL ,158,
CIAN ,157,
COBY ,157,
JUNIOR ,156,
NATAN ,156,
BERTIE ,155,
CASPER ,155,
AYDEN ,153,
EWAN ,153,
KIERAN ,153,
TOM ,153,
SAMI ,152,
JIMMY ,151,
ERNEST ,150,
MILAN ,148,
ASHLEY ,146,
MARSHALL ,146,
MIKOLAJ ,146,
PHILIP ,146,
AADAM ,145,
BROOKLYN ,145,
RIVER ,145,
RUDY ,145,
TOMAS ,144,
MONTY ,143,
OSIAN ,143,
DENIS ,142,
OLIVIER ,142,
EDEN ,141,
MATTEO ,141,
NICO ,141,
ROMEO ,140,
DAMIAN ,139,
ZION ,139,
BENTLEY ,138,
WALTER ,138,
JOSH ,137,
HUGH ,136,
ISA ,136,
ISMAEEL ,136,
REMY ,136,
SHAY ,136,
FINNLEY ,135,
DENNIS ,133,
STEFAN ,133,
ZACHARIAH ,133,
ERIK ,132,
HARIS ,132,
JAIDEN ,132,
KALEB ,132,
JADEN ,131,
LUKA ,131,
FRANCISZEK ,130,
SEAN ,130,
SIMON ,130,
AXEL ,128,
IBRAHEEM ,128,
ZAYD ,128,
ANDREI ,127,
ANGUS ,127,
CARSON ,127,
CRUZ ,127,
CASSIUS ,126,
SOLOMON ,126,
ZAYAAN ,126,
AYAN ,125,
DARIUS ,124,
TATE ,124,
ARON ,123,
KINGSLEY ,123,
JOHNNY ,121,
ZAYAN ,121,
MATEI ,120,
CILLIAN ,119,
CLARK ,119,
DOUGIE ,119,
HUSSAIN ,119,
KANE ,119,
LOCHLAN ,119,
NIKODEM ,118,
ALBY ,117,
AZAAN ,116,
NATE ,116,
RONAN ,115,
AAYAN ,113,
EUAN ,113,
WOODY ,113,
EZEKIEL ,112,
NIALL ,111,
REGAN ,111,
SCOTT ,110,
LACHLAN ,109,
AAHIL ,108,
AYMAN ,108,
CURTIS ,107,
MYLO ,107,
STEPHEN ,107,
ALISTAIR ,106,
LAWRENCE ,106,
BRIAN ,105,
EDISON ,105,
HEATH ,104,
MAKSYMILIAN ,104,
ILYAS ,103,
KHALID ,103,
ARMAAN ,102,
ASTON ,102,
AYDIN ,102,
BRUNO ,102,
LAURENCE ,102,
CLAYTON ,101,
MARCO ,101,
NOEL ,101,
AARYAN ,100,
ALEXANDRU ,100,
DAWUD ,100,
RALPHIE ,100,
ROGAN ,100,
SANTIAGO ,100,
LUIS ,99,
MONTGOMERY ,99,
ANDRE ,98,
EDUARD ,98,
JUSTIN ,98,
TROY ,98,
ANTONIO ,97,
HASHIM ,97,
YUNUS ,97,
AMAAN ,96,
JACE ,96,
KASPER ,96,
ZANE ,96,
CAIDEN ,95,
CALVIN ,95,
KOBI ,94,
ANAS ,93,
BENEDICT ,93,
DAWID ,93,
HAMISH ,93,
BARNEY ,92,
TOMOS ,92,
HAIDER ,91,
HASAN ,91,
JONAS ,91,
LUCIAN ,91,
DIEGO ,90,
LOKI ,90,
MCKENZIE ,90,
MILLER ,90,
SAMSON ,90,
MAGNUS ,89,
RAYAAN ,89,
AMARI ,88,
IOAN ,88,
JAI ,88,
MALAKAI ,88,
MARIO ,88,
PATRYK ,88,
RAY ,88,
WIKTOR ,88,
YOUSUF ,88,
COEN ,87,
MICHAL ,87,
CAYDEN ,86,
DAWSON ,86,
ELIS ,86,
JAC ,86,
KYRON ,86,
MATEO ,86,
REHAN ,86,
ARCHIBALD ,85,
LAWSON ,85,
LENNOX ,85,
ROBBIE ,85,
TYMON ,85,
DANIYAL ,84,
JAKOB ,84,
MATEUSZ ,84,
RYDER ,84,
ERNIE ,83,
HADLEY ,83,
HARI ,83,
IMRAN ,83,
KEEGAN ,83,
PERCY ,83,
STEVEN ,83,
ABRAHAM ,82,
DANTE ,82,
EDWIN ,82,
HENDRIX ,82,
KOBE ,82,
SHANE ,82,
SULAIMAN ,82,
YOUSEF ,82,
BRUCE ,81,
BRYAN ,81,
KRISH ,81,
KYE ,81,
MALIK ,81,
MAXIM ,81,
PRINCE ,81,
ZAKARIA ,81,
DEVON ,80,
HENLEY ,80,
SUBHAN ,80,
CAELAN ,79,
CAI ,79,
DILLON ,79,
DEAN ,78,
RICO ,78,
CAIRO ,77,
ISSAC ,77,
MADDOX ,77,
ARHAM ,76,
FOX ,75,
KOBY ,75,
YAQUB ,75,
YUVRAJ ,75,
HUXLEY ,74,
IGOR ,74,
KRISTIAN ,74,
LEYTON ,74,
MATAS ,74,
RAHEEM ,74,
BEAR ,73,
BRAYDEN ,73,
DEACON ,73,
GETHIN ,73,
HENRI ,73,
JAGO ,73,
KAMIL ,73,
KYRAN ,73,
RIAN ,73,
RUDI ,73,
ZAYYAN ,73,
ANGELO ,72,
ARI ,72,
OLIWIER ,72,
REMI ,72,
ISRAEL ,71,
MITCHELL ,71,
SHAYAN ,71,
USMAN ,71,
FERGUS ,70,
GEORGIE ,70,
REID ,70,
SULLIVAN ,70,
AYUB ,69,
JETT ,69,
NOLAN ,69,
REAGAN ,69,
BYRON ,67,
DOMINYKAS ,67,
ESA ,67,
KAYSON ,67,
MOSES ,67,
VEER ,67,
ZAID ,67,
CADEN ,66,
IAN ,66,
JAMAL ,66,
MACSEN ,66,
MAXIMILLIAN ,66,
OISIN ,66,
ALEC ,65,
JUDAH ,65,
WILBUR ,65,
YASIN ,65,
ZIDAN ,65,
KYAN ,64,
MIKAEEL ,64,
ORION ,64,
ZAKARIYYA ,64,
AARIZ ,63,
EMIR ,63,
MIKEY ,63,
NED ,63,
ODIN ,63,
ANTON ,62,
AVERY ,62,
EISA ,62,
FARIS ,62,
KADEN ,62,
LEONIDAS ,62,
PIOTR ,62,
SALMAN ,62,
WILL ,62,
EMERSON ,61,
OLAF ,61,
WESLEY ,61,
ADNAN ,60,
ADYAN ,60,
ALESSANDRO ,60,
DALTON ,60,
DENIZ ,60,
DORIAN ,60,
FYNN ,60,
LENNIE ,60,
NIKOLAS ,60,
ORSON ,60,
TONY ,60,
ABDULRAHMAN ,59,
ASA ,59,
BARTOSZ ,59,
BRAXTON ,59,
BROGAN ,59,
CHE ,59,
IDREES ,59,
LAITH ,59,
FRANCESCO ,58,
LORCAN ,58,
RAYMOND ,58,
SHAUN ,58,
SULTAN ,58,
ARJAN ,57,
FRAZER ,57,
HAROON ,57,
ISHAQ ,57,
KAIRO ,57,
KODY ,57,
KYLAN ,57,
LEE ,57,
MD ,57,
TAHA ,57,
ANDREAS ,56,
ATTICUS ,56,
COLBY ,56,
EMIL ,56,
IANIS ,56,
JOVAN ,56,
KABIR ,56,
KHALIL ,56,
OMER ,56,
YASEEN ,56,
AJAY ,55,
DARREN ,55,
EMANUEL ,55,
KADE ,55,
MAHDI ,55,
WOJCIECH ,55,
CAIN ,54,
FRANKY ,54,
GREYSON ,54,
HADI ,54,
HAMZAH ,54,
JEREMY ,54,
KYLO ,54,
ROCKY ,54,
ROSS ,54,
RYLEE ,54,
UZAIR ,54,
WILSON ,54,
ARNIE ,53,
CALUM ,53,
CASPIAN ,53,
CLAY ,53,
GIOVANNI ,53,
GUY ,53,
HUBERT ,53,
JARED ,53,
KEYAAN ,53,
TEODOR ,53,
VIHAAN ,53,
VIKTOR ,53,
VINNY ,53,
CARLOS ,52,
CASPAR ,52,
CIARAN ,52,
GREGORY ,52,
HERBERT ,52,
ISHAAN ,52,
ROSCOE ,52,
SAHIB ,52,
TOMASZ ,52,
AMOS ,51,
DREW ,51,
FARHAN ,51,
KAJUS ,51,
KENZIE ,51,
NEIL ,51,
NEO ,51,
REYANSH ,51,
WINSTON ,51,
ZACKARY ,51,
ANTONY ,50,
CRISTIAN ,50,
EDMUND ,50,
FIONN ,50,
HASNAIN ,50,
STANISLAW ,50,
YANIS ,50,
ACE ,49,
DAMIEN ,49,
FRED ,49,
JAYCE ,49,
JORGE ,49,
KEATON ,49,
MAHIR ,49,
MATTHIAS ,49,
NATHANAEL ,49,
OWAIN ,49,
RAEES ,49,
ROME ,49,
WARREN ,49,
ZIGGY ,49,
ADDISON ,48,
ARAN ,48,
AUBREY ,48,
DION ,48,
EMILIO ,48,
HARLAN ,48,
KIAAN ,48,
KILLIAN ,48,
MAISON ,48,
MATHEW ,48,
MATIAS ,48,
NOJUS ,48,
TOMMIE ,48,
VALENTINO ,48,
CAYSON ,47,
EDGAR ,47,
EMMETT ,47,
HAYDN ,47,
KAREEM ,47,
OSMAN ,47,
ALFIE-JAMES ,46,
AMAR ,46,
CORY ,46,
IEUAN ,46,
LOWEN ,46,
MIGUEL ,46,
MIKAEL ,46,
ORLANDO ,46,
RALPHY ,46,
RUEBEN ,46,
RYLEY ,46,
TUDOR ,46,
VIVAAN ,46,
WILF ,46,
YASIR ,46,
ZANDER ,46,
ARTUR ,45,
COLIN ,45,
EREN ,45,
HARPER ,45,
HUGHIE ,45,
JAYDON ,45,
RONALD ,45,
SEBASTIEN ,45,
YOUSSEF ,45,
ZAYDEN ,45,
ARONAS ,44,
AYYUB ,44,
FAIZAN ,44,
HAARIS ,44,
ISHAAQ ,44,
IWAN ,44,
WADE ,44,
ABDIRAHMAN ,43,
ADIL ,43,
AMMAR ,43,
HARLOW ,43,
JAXX ,43,
MARC ,43,
RONNY ,43,
SAUL ,43,
TOMMY-LEE ,43,
ABBAS ,42,
ADEN ,42,
HUZAIFA ,42,
ISMAEL ,42,
KAISER ,42,
KARIM ,42,
KENNY ,42,
KLAY ,42,
KODI ,42,
LEWIE ,42,
PRESLEY ,42,
QASIM ,42,
RANVEER ,42,
REEGAN ,42,
THEODOR ,42,
VLAD ,42,
ABUBAKAR ,41,
CHRIS ,41,
FRANCO ,41,
HUW ,41,
MALACHY ,41,
SAHIL ,41,
SAMIR ,41,
SANTINO ,41,
SHAYAAN ,41,
TALHA ,41,
ZAYNE ,41,
DANIELIUS ,40,
DEEN ,40,
DENNY ,40,
ERYK ,40,
FREDRICK ,40,
HARLEN ,40,
HUEY ,40,
KASON ,40,
KAYLAN ,40,
LELAND ,40,
LUCIEN ,40,
MACIEJ ,40,
NELSON ,40,
RARES ,40,
RIAAN ,40,
SIMEON ,40,
TIAGO ,40,
ABU ,39,
ALEXIS ,39,
AMAN ,39,
BAXTER ,39,
BORIS ,39,
CALLAN ,39,
DEV ,39,
GIDEON ,39,
JOHAN ,39,
KARTER ,39,
KAYA ,39,
KENNETH ,39,
OWAIS ,39,
REIGN ,39,
TYMOTEUSZ ,39,
ALESSIO ,38,
ARIAN ,38,
CADE ,38,
EMRYS ,38,
EOIN ,38,
HASHIR ,38,
HERBIE ,38,
JEEVAN ,38,
KARAM ,38,
KAYLEN ,38,
LLOYD ,38,
LYLE ,38,
MIKAIL ,38,
NIKO ,38,
OMARI ,38,
PEDRO ,38,
RAJA ,38,
RAUL ,38,
RILEY-JAMES ,38,
RUAIRI ,38,
SAFWAN ,38,
SAIF ,38,
SAXON ,38,
SHEA ,38,
TYRESE ,38,
ABDULLAHI ,37,
DILAN ,37,
EMRE ,37,
GILBERT ,37,
KAROL ,37,
KING ,37,
KOBIE ,37,
MEHMET ,37,
SOREN ,37,
SUFYAN ,37,
ZAKARIYAH ,37,
ZAKI ,37,
ABUBAKR ,36,
ALASTAIR ,36,
AYAZ ,36,
CHARLEY ,36,
CONRAD ,36,
EBEN ,36,
GENE ,36,
HAKEEM ,36,
LUQMAN ,36,
MAVERICK ,36,
PADDY ,36,
SEB ,36,
TAYLAN ,36,
TEO ,36,
AMIN ,35,
ARMAN ,35,
BOWIE ,35,
COLTON ,35,
DAWOOD ,35,
ELWOOD ,35,
ETIENNE ,35,
HARUN ,35,
JAYLEN ,35,
JOSE ,35,
KAYAN ,35,
KRYSTIAN ,35,
LUCCA ,35,
PHILLIP ,35,
RIDWAN ,35,
RISHI ,35,
SHIV ,35,
STEFFAN ,35,
SULAYMAN ,35,
ALEXANDRE ,34,
ANDY ,34,
ESHAN ,34,
GRIFF ,34,
IVOR ,34,
JAYDAN ,34,
MAKSIM ,34,
NIKITA ,34,
NOA ,34,
SHAE ,34,
THEON ,34,
ABDURRAHMAN ,33,
ALBI ,33,
BRADY ,33,
BUSTER ,33,
ESHAAN ,33,
IOSIF ,33,
JOSEF ,33,
KARSON ,33,
KRZYSZTOF ,33,
KUSH ,33,
NATANIEL ,33,
TYLER-JAMES ,33,
TYSON ,33,
ZEPHANIAH ,33,
ADEM ,32,
AHYAN ,32,
ANEURIN ,32,
ARIYAN ,32,
ARNOLD ,32,
ARRAN ,32,
BRENDAN ,32,
BRYN ,32,
CYRUS ,32,
DANYAL ,32,
DHRUV ,32,
FORREST ,32,
KAELAN ,32,
KEON ,32,
MANVEER ,32,
MATHIAS ,32,
RAIFE ,32,
SUBHAAN ,32,
ATLAS ,31,
AVI ,31,
BENAS ,31,
BENNY ,31,
BERNARD ,31,
BOBBIE ,31,
CAIO ,31,
CALLEN ,31,
CARL ,31,
DONOVAN ,31,
ELIOT ,31,
ESSA ,31,
GERARD ,31,
IESTYN ,31,
JAYSON ,31,
JONNY ,31,
KIYAN ,31,
KOLE ,31,
KONRAD ,31,
KSAWERY ,31,
KURTIS ,31,
MOHAMAD ,31,
MONTAGUE ,31,
RICARDO ,31,
RICHIE ,31,
WALEED ,31,
YASH ,31,
ZAVIER ,31,
ADRIEL ,30,
DOMAS ,30,
ELVIS ,30,
GUS ,30,
IVO ,30,
KAISON ,30,
KENDRICK ,30,
KIERON ,30,
KUBA ,30,
LEOPOLD ,30,
MACKENZIE ,30,
MANUEL ,30,
MAXIME ,30,
NIAM ,30,
ROSHAN ,30,
SAI ,30,
SHEIKH ,30,
SOL ,30,
THIAGO ,30,
UMAIR ,30,
ALEXANDROS ,29,
ARUN ,29,
AXL ,29,
AYRTON ,29,
BARAN ,29,
CORMAC ,29,
DAMON ,29,
FINDLAY ,29,
JAYDEN-LEE ,29,
JOKUBAS ,29,
KAMRAN ,29,
KEELAN ,29,
LOUI ,29,
MILOSZ ,29,
NIKHIL ,29,
PAWEL ,29,
RIYAN ,29,
RODRIGO ,29,
SAAD ,29,
SACHA ,29,
SALAHUDDIN ,29,
SAMMY ,29,
SHAAN ,29,
SHILOH ,29,
SUNNY ,29,
TARAN ,29,
TOMI ,29,
VIAAN ,29,
ALBERTO ,28,
AMEER ,28,
ARVIN ,28,
BABY ,28,
BORYS ,28,
CARLO ,28,
CHACE ,28,
EMILIS ,28,
HENRYK ,28,
ISSA ,28,
IZAAN ,28,
JAD ,28,
JOWAN ,28,
JOZEF ,28,
KENZO ,28,
LAURIE ,28,
LEANDRO ,28,
LOCKIE ,28,
MAYSON ,28,
MOSHE ,28,
NIKOLAI ,28,
OREN ,28,
RAFI ,28,
RAIHAN ,28,
RAYHAN ,28,
SYDNEY ,28,
YOUSAF ,28,
ZEESHAN ,28,
ABU-BAKR ,27,
AKRAM ,27,
DENZEL ,27,
DEWI ,27,
DHILAN ,27,
DIYAN ,27,
ELYAS ,27,
GARY ,27,
GIORGIO ,27,
GRUFFYDD ,27,
HAIDEN ,27,
HARLEY-JAMES ,27,
HASEEB ,27,
HUMZA ,27,
HUSSEIN ,27,
IFAN ,27,
JETHRO ,27,
JON ,27,
KAINE ,27,
MOISE ,27,
OLIVER-JAMES ,27,
RIYAD ,27,
SHAH ,27,
SUFYAAN ,27,
TADHG ,27,
TYRONE ,27,
VLADIMIR ,27,
YISROEL ,27,
YOUSIF ,27,
ZAYDAN ,27,
ZIDANE ,27,
ABDUR ,26,
AJ ,26,
ALEJANDRO ,26,
ARIS ,26,
ASH ,26,
ASHWIN ,26,
AUGUST ,26,
AUSTEN ,26,
AYOUB ,26,
BOGDAN ,26,
BRAYDON ,26,
CAMDEN ,26,
CLEMENT ,26,
DILLAN ,26,
DUNCAN ,26,
EFAN ,26,
ENOCH ,26,
FABIO ,26,
GAVIN ,26,
HAMID ,26,
JARVIS ,26,
JAYDEN-JAMES ,26,
JED ,26,
JEROME ,26,
JONTY ,26,
KARL ,26,
KELVIN ,26,
MARKUS ,26,
MARVIN ,26,
MURPHY ,26,
NUH ,26,
OLI ,26,
ORIN ,26,
QUENTIN ,26,
RILEY-JAY ,26,
TIMUR ,26,
TYLER-JAY ,26,
TYRELL ,26,
WALI ,26,
YANNIS ,26,
ZAKARIAH ,26,
ZUBAIR ,26,
ARAS ,25,
ARYAAN ,25,
AZLAN ,25,
BRYSON ,25,
CARLTON ,25,
CHAIM ,25,
DARRAGH ,25,
EDUARDO ,25,
EHSAN ,25,
FAISAL ,25,
FATEH ,25,
FRANCISCO ,25,
HAROLD ,25,
JULES ,25,
KEREM ,25,
LEWYS ,25,
LUTHER ,25,
MARLOW ,25,
MARTY ,25,
PERRY ,25,
PIETRO ,25,
RAJVEER ,25,
REILLY ,25,
RICKY ,25,
ROAN ,25,
ROLAND ,25,
RUDRA ,25,
SAMEER ,25,
TERENCE ,25,
TOMMASO ,25,
TRYSTAN ,25,
WOODROW ,25,
YEHUDA ,25,
ZORAWAR ,25,
ALYAAN ,24,
ANSH ,24,
ARLEY ,24,
BRYCE ,24,
CLARKE ,24,
CRAIG ,24,
DENVER ,24,
ELLISON ,24,
EYAD ,24,
HAMMAD ,24,
JAK ,24,
JAVIER ,24,
JIBRIL ,24,
JOAO ,24,
KEYAN ,24,
KOHEN ,24,
LEVISON ,24,
MAREK ,24,
MEMPHIS ,24,
MIKHAIL ,24,
MIRAN ,24,
MORRIS ,24,
NEHEMIAH ,24,
PABLO ,24,
REYAN ,24,
SAYED ,24,
SULEIMAN ,24,
VALENTIN ,24,
ZACKARIYA ,24,
ZAIDEN ,24,
ADVIK ,23,
AHAD ,23,
ALASDAIR ,23,
ALED ,23,
ALEKS ,23,
ALVIN ,23,
ARLIE ,23,
ARNAV ,23,
AYOMIDE ,23,
AZARIAH ,23,
BJORN ,23,
BODIE ,23,
CHAYSE ,23,
COHAN ,23,
DARA ,23,
DHYAN ,23,
EDDISON ,23,
ELISHA ,23,
ENES ,23,
FAHAD ,23,
GEORGI ,23,
GURVEER ,23,
ISHAN ,23,
JAY-JAY ,23,
JOSHUA-JAMES ,23,
KELLAN ,23,
KION ,23,
KOREY ,23,
KRISHAN ,23,
KRISHNA ,23,
LUCIANO ,23,
LUCIUS ,23,
OBI ,23,
REN ,23,
ROY ,23,
RUSSELL ,23,
SALEH ,23,
SALVADOR ,23,
SHAURYA ,23,
SONNIE ,23,
TAJUS ,23,
TERRY ,23,
TODD ,23,
UTHMAN ,23,
YOUNIS ,23,
YUSHA ,23,
ZAIDAN ,23,
AAMIR ,22,
ALFIE-JAY ,22,
ALFIE-LEE ,22,
ARRON ,22,
BLU ,22,
CONAN ,22,
DANIIL ,22,
DARIO ,22,
DAX ,22,
DIGBY ,22,
DOMANTAS ,22,
HERKUS ,22,
IHSAN ,22,
IMMANUEL ,22,
IZAAK ,22,
JADON ,22,
JAMESON ,22,
JERMAINE ,22,
JOHNATHAN ,22,
JOLAN ,22,
KALLUM ,22,
KURT ,22,
LOCHLANN ,22,
LOGAN-JAMES ,22,
LYNDON ,22,
MACAULEY ,22,
MARLON ,22,
MUSAB ,22,
NIHAL ,22,
OZZY ,22,
RISHAAN ,22,
ROHAAN ,22,
RUBIN ,22,
STUART ,22,
VINCENZO ,22,
WAYNE ,22,
ZOHAIB ,22,
ABDUR-RAHMAN ,21,
ANGAD ,21,
APOLLO ,21,
ARYA ,21,
AWAIS ,21,
AYDAN ,21,
COBIE ,21,
CONNER ,21,
DEON ,21,
GEOFFREY ,21,
GURFATEH ,21,
INIGO ,21,
IOLO ,21,
JACQUES ,21,
JEFFREY ,21,
JERRY ,21,
JULIUS ,21,
JUNAID ,21,
KAILEN ,21,
KEANU ,21,
KIRAN ,21,
KONSTANTIN ,21,
LANCE ,21,
LEYLAND ,21,
MAKAI ,21,
MALCOLM ,21,
MASON-LEE ,21,
MAZIN ,21,
MEHDI ,21,
MIHAI ,21,
MURRAY ,21,
NABIL ,21,
PAVEL ,21,
QUINTON ,21,
RAHIM ,21,
RAIDEN ,21,
RAMI ,21,
RION ,21,
SASHA ,21,
SILAS ,21,
SULEMAN ,21,
THIERRY ,21,
VIRAJ ,21,
YOSEF ,21,
ZAKARY ,21,
ZAKIR ,21,
ZEKE ,21,
ZEPHYR ,21,
ADITYA ,20,
AEDAN ,20,
AFFAN ,20,
ALYAN ,20,
ANAY ,20,
ANDERSON ,20,
AREN ,20,
ARIJUS ,20,
ARLEN ,20,
ARTIE ,20,
AUGUSTUS ,20,
AVEER ,20,
AYMEN ,20,
BENIAMIN ,20,
BLAISE ,20,
COBEY ,20,
CODEY ,20,
DARCY ,20,
DEVIN ,20,
EDOARDO ,20,
EFE ,20,
EKAM ,20,
ERICK ,20,
FRANKLYN ,20,
GRAY ,20,
HARMAN ,20,
HARVEY-LEE ,20,
IONUT ,20,
KHALED ,20,
KYRIE ,20,
LAYTH ,20,
MAHAD ,20,
MARIUS ,20,
MATTIA ,20,
MERT ,20,
NANA ,20,
OCEAN ,20,
PATRIK ,20,
RAIYAN ,20,
ROUX ,20,
SAWYER ,20,
SEAMUS ,20,
TEDDY-JAMES ,20,
TREY ,20,
ABDURAHMAN ,19,
ADONIS ,19,
AHSAN ,19,
ALBAN ,19,
AMAAR ,19,
ARCHIE-JAMES ,19,
AREEB ,19,
ASHAR ,19,
AVROHOM ,19,
AZIZ ,19,
BAY ,19,
BENSON ,19,
BLEU ,19,
BRAIDEN ,19,
BRENDON ,19,
CASH ,19,
CASTIEL ,19,
CHAY ,19,
DARWIN ,19,
DONNIE ,19,
DUKE ,19,
ELIEZER ,19,
ELISEI ,19,
EPHRAIM ,19,
FINNIAN ,19,
FREDERIC ,19,
GRUFF ,19,
GWILYM ,19,
JACOB-JAMES ,19,
JAYAN ,19,
KAAN ,19,
KAIYAN ,19,
KAMAL ,19,
KAYLUM ,19,
KENAN ,19,
KEVINAS ,19,
KUZEY ,19,
LANDON ,19,
LARS ,19,
MACK ,19,
MANRAJ ,19,
MARLO ,19,
MOHID ,19,
MURTAZA ,19,
NAKSH ,19,
OLIVERS ,19,
PERCIVAL ,19,
PRANAV ,19,
RAEF ,19,
REON ,19,
RHODRI ,19,
ROBERTO ,19,
RONIN ,19,
SAEED ,19,
SAID ,19,
SID ,19,
TAI ,19,
TOBIASZ ,19,
TORBEN ,19,
VARUN ,19,
WREN ,19,
YAZAN ,19,
YIGIT ,19,
ZACHARIAS ,19,
ZEN ,19,
ZEV ,19,
ZIDAAN ,19,
ZIYAD ,19,
AARUSH ,18,
ADAN ,18,
AKSEL ,18,
AMEEN ,18,
ANISH ,18,
ARDA ,18,
ARMANDAS ,18,
BEAUDEN ,18,
BILL ,18,
BLAINE ,18,
BOAZ ,18,
BROOK ,18,
CHANCE ,18,
CHRISTOS ,18,
CORBEN ,18,
CORBYN ,18,
DAN ,18,
DEVANSH ,18,
DRAGOS ,18,
DWAYNE ,18,
EMLYN ,18,
EUGENE ,18,
GINO ,18,
HAMDAN ,18,
IGNACY ,18,
IMAD ,18,
IRFAN ,18,
IUSTIN ,18,
IZAAC ,18,
JAIME ,18,
JIBREEL ,18,
JJ ,18,
JOHN-PAUL ,18,
JOSEFF ,18,
JUAN ,18,
JUJHAR ,18,
KASEY ,18,
KASH ,18,
KHIZAR ,18,
KYMANI ,18,
LEROY ,18,
LLEYTON ,18,
MAHMOUD ,18,
MARCELL ,18,
MATTIAS ,18,
MAURICE ,18,
MAXX ,18,
MIHAIL ,18,
NILE ,18,
RAJAN ,18,
RAVI ,18,
REGGIE-LEE ,18,
RIZWAN ,18,
RUAN ,18,
RUZGAR ,18,
SAFWAAN ,18,
SAMAR ,18,
STERLING ,18,
SUDAIS ,18,
SUFIAN ,18,
TARIQ ,18,
THOR ,18,
TOBI ,18,
TOBIE ,18,
UBAID ,18,
ZAKAI ,18,
ZAVIYAR ,18,
ABDULAZIZ ,17,
ABID ,17,
AFONSO ,17,
AHMET ,17,
AJEET ,17,
ALEKSANDAR ,17,
ALLAN ,17,
AMRIT ,17,
ARIEL ,17,
ARIF ,17,
ARISH ,17,
ARMANI ,17,
AYYAN ,17,
AZIAH ,17,
BARNABAS ,17,
BASIL ,17,
BENCE ,17,
BENJI ,17,
BLUE ,17,
BRAX ,17,
CASSIAN ,17,
CONSTANTIN ,17,
CORBIN ,17,
COSMO ,17,
DAFYDD ,17,
EDDY ,17,
EMILE ,17,
EVERETT ,17,
FINTAN ,17,
FOREST ,17,
GAEL ,17,
GIANLUCA ,17,
GODWIN ,17,
GUTO ,17,
HAADI ,17,
HARLEE ,17,
HUSNAIN ,17,
ILYAAS ,17,
IRA ,17,
ISIAH ,17,
JAXEN ,17,
KAILAN ,17,
KAIN ,17,
KIMI ,17,
KONSTANTINOS ,17,
KORNEL ,17,
KRISTUPAS ,17,
LLEWELYN ,17,
LUCIOUS ,17,
LUKASZ ,17,
MARIAN ,17,
MARKO ,17,
MARLOWE ,17,
MARWAN ,17,
MICKEY ,17,
MICKY ,17,
MUADH ,17,
NICK ,17,
NIKOLA ,17,
NYLE ,17,
OM ,17,
RASHID ,17,
RUHAN ,17,
SAIFAN ,17,
SHAWN ,17,
SION ,17,
STIRLING ,17,
SULEYMAN ,17,
TIMOTEI ,17,
WOLF ,17,
YASSIN ,17,
ZAHIR ,17,
ABDALLAH ,16,
ACER ,16,
ANWAR ,16,
ARES ,16,
ARIN ,16,
AVYAAN ,16,
AYANSH ,16,
BENNETT ,16,
BOWEN ,16,
BUZZ ,16,
CARWYN ,16,
CASON ,16,
CHAYCE ,16,
CORBAN ,16,
DALE ,16,
DANIELS ,16,
DAYTON ,16,
DEREK ,16,
DRAKE ,16,
EASTON ,16,
EBENEZER ,16,
EDAN ,16,
FEDERICO ,16,
FELIKS ,16,
GORDON ,16,
HARLEM ,16,
HARLEY-JAY ,16,
HARLO ,16,
HEZEKIAH ,16,
HUMPHREY ,16,
HUZAIFAH ,16,
IBAAD ,16,
IMAAD ,16,
ISHMAEL ,16,
JAWAD ,16,
JOSS ,16,
KAJETAN ,16,
KAL-EL ,16,
LEV ,16,
LEX ,16,
LIONEL ,16,
MARKUSS ,16,
MIRZA ,16,
MOHSIN ,16,
NABEEL ,16,
NIXON ,16,
ORAN ,16,
OSCAR-JAMES ,16,
RAZVAN ,16,
REED ,16,
ROSSI ,16,
RYKER ,16,
SAIM ,16,
SELIM ,16,
SHIVAM ,16,
STAN ,16,
TRENT ,16,
ALPHA ,15,
ANDREA ,15,
ARAFAT ,15,
ARAM ,15,
ATHARV ,15,
AUGUSTAS ,15,
BARTLOMIEJ ,15,
BILLY-JOE ,15,
BO ,15,
CAIUS ,15,
CEZAR ,15,
CHAD ,15,
CHARLIE-JAMES ,15,
CRISTIANO ,15,
DALEY ,15,
DANYAAL ,15,
DAVI ,15,
DEVAN ,15,
DIMITRI ,15,
DOMINICK ,15,
ELVIN ,15,
EOGHAN ,15,
EVANAS ,15,
FLORIAN ,15,
GABRIELIUS ,15,
HARDY ,15,
ILAN ,15,
INDIANA ,15,
JAIVEER ,15,
JAMIL ,15,
JAYJAY ,15,
JAYLAN ,15,
JESSE-JAMES ,15,
JOHNNIE ,15,
JOSHAN ,15,
KAIDAN ,15,
KAISAN ,15,
KAMARI ,15,
KAYDON ,15,
KIRILL ,15,
KIYAAN ,15,
KOA ,15,
KOBEY ,15,
KYREN ,15,
LASZLO ,15,
LEELAN ,15,
LEONEL ,15,
LEWI ,15,
LUC ,15,
LUCAS-JAMES ,15,
LUDO ,15,
MARTIM ,15,
MATEEN ,15,
MATEUS ,15,
MONROE ,15,
MUSTAPHA ,15,
NIVAAN ,15,
OBIE ,15,
OSWALD ,15,
RAIF ,15,
RICCARDO ,15,
RIDLEY ,15,
ROYCE ,15,
SERGIO ,15,
SEYED ,15,
SIDDHARTH ,15,
TEDDI ,15,
THEO-JAMES ,15,
THOMAS-JAMES ,15,
TIM ,15,
TORIN ,15,
VANSH ,15,
WALKER ,15,
WILLEM ,15,
YAMIN ,15,
ZACHERY ,15,
ZI ,15,
AADIL ,14,
AARISH ,14,
ABDULMALIK ,14,
ABYAN ,14,
ADAMAS ,14,
ADOMAS ,14,
AILBE ,14,
ALEEM ,14,
ALEKSANDR ,14,
AMINE ,14,
AMMAAR ,14,
ANEIRIN ,14,
ARMIN ,14,
ARTIN ,14,
AZAD ,14,
BENYAMIN ,14,
BLAZE ,14,
BOBBY-RAY ,14,
BRETT ,14,
CAOLAN ,14,
CASS ,14,
CEDRIC ,14,
CODY-LEE ,14,
DALLAS ,14,
DANIAL ,14,
DAVIDE ,14,
DOMENICO ,14,
DUDLEY ,14,
EHSAAN ,14,
ELIJUS ,14,
ERIKAS ,14,
EYMEN ,14,
FRANEK ,14,
GREGOR ,14,
GRIFFIN ,14,
HABIB ,14,
HARVEER ,14,
HENRIK ,14,
HENRY-JAMES ,14,
HISHAM ,14,
HORATIO ,14,
HUSAYN ,14,
IHSAAN ,14,
IOANNIS ,14,
ISAAK ,14,
JAMARI ,14,
JAMEEL ,14,
JEDIDIAH ,14,
JENSON-JAMES ,14,
JET ,14,
JORIS ,14,
KARAN ,14,
KAVIN ,14,
KAYLEB ,14,
KAYLEM ,14,
KEAGAN ,14,
KEIR ,14,
KHUSH ,14,
KOFI ,14,
LEIF ,14,
LEO-JAMES ,14,
LOIC ,14,
MAJUS ,14,
MARCOS ,14,
MIKEL ,14,
MORDECHAI ,14,
MUJTABA ,14,
NOAH-JAMES ,14,
NORMAN ,14,
ODHRAN ,14,
OSKARAS ,14,
OZZIE ,14,
PETRU ,14,
QUINLAN ,14,
RAFAY ,14,
RAGHAV ,14,
REISS ,14,
RENZO ,14,
RHYLEE ,14,
ROBERTS ,14,
ROMARIO ,14,
RONI ,14,
RUARI ,14,
SHELDON ,14,
SHMUEL ,14,
SIRAJ ,14,
SPIKE ,14,
STEPHAN ,14,
STEVIE ,14,
TAIM ,14,
TINASHE ,14,
TITUS ,14,
UZAYR ,14,
VEDANT ,14,
VINCE ,14,
WILLIS ,14,
WINTER ,14,
YOEL ,14,
YUSEF ,14,
ZAINE ,14,
ALBION ,13,
ALEK ,13,
ARDEN ,13,
ASAD ,13,
AVIRAJ ,13,
AYUSH ,13,
AZAN ,13,
BERNIE ,13,
BOE ,13,
BRAYLON ,13,
BRENNAN ,13,
BROCK ,13,
BRONSON ,13,
CAMPBELL ,13,
CARTER-JAMES ,13,
COBEN ,13,
CONALL ,13,
CONSTANTINE ,13,
DARYL ,13,
DIMITAR ,13,
DIVINE ,13,
ED ,13,
EDIZ ,13,
ELIOTT ,13,
FINNLAY ,13,
FREDERIK ,13,
GIUSEPPE ,13,
GRANT ,13,
HANZALAH ,13,
HOLDEN ,13,
HOWARD ,13,
IZYAN ,13,
JAMAAL ,13,
JASE ,13,
JOBY ,13,
JOHN-JAMES ,13,
KAMERON ,13,
KINGSTON ,13,
KLAYTON ,13,
KOBEN ,13,
KOEN ,13,
KORAY ,13,
KWAME ,13,
KYSON ,13,
LEMUEL ,13,
LOGAN-LEE ,13,
LUQMAAN ,13,
MAAZ ,13,
MALAKI ,13,
MARCIN ,13,
MIKE ,13,
MOISHE ,13,
MUBARAK ,13,
NAHOM ,13,
NAVRAJ ,13,
OLUWATOBI ,13,
OLUWATOBILOBA ,13,
PARTH ,13,
PIERRE ,13,
PREM ,13,
QAIS ,13,
RADU ,13,
RAFFAELE ,13,
RAHEEL ,13,
RAMAN ,13,
RAMSEY ,13,
RAYHAAN ,13,
ROKAS ,13,
ROWEN ,13,
RUARIDH ,13,
RUI ,13,
RYLIE ,13,
SACHIN ,13,
SAMARTH ,13,
SARIM ,13,
SENAN ,13,
SHAHEER ,13,
SHIVANSH ,13,
STEFANO ,13,
SUHAAN ,13,
TAMEEM ,13,
TJ ,13,
TOMMI ,13,
TY ,13,
TYREECE ,13,
UTHMAAN ,13,
UWAIS ,13,
VAKARIS ,13,
VALENTINE ,13,
VIGGO ,13,
VIRAT ,13,
VLADISLAV ,13,
WARIS ,13,
YI ,13,
YOUNES ,13,
ZECHARIAH ,13,
ZIA ,13,
ZORAVAR ,13,
ZYAN ,13,
AARAN ,12,
AAYUSH ,12,
ABE ,12,
AGAMJOT ,12,
AHIL ,12,
ALEXEI ,12,
ALFIE-JOE ,12,
ALIYAN ,12,
ANAKIN ,12,
ANGEL ,12,
ARION ,12,
ARNAS ,12,
ART ,12,
AUSTYN ,12,
AVRAJ ,12,
AVRAM ,12,
AVYAN ,12,
AZEEM ,12,
BASTIAN ,12,
BENETT ,12,
BERAT ,12,
BERNARDO ,12,
BERTRAM ,12,
BRADEN ,12,
BRAY ,12,
CAVAN ,12,
CHARLIE-JAY ,12,
CHIDUBEM ,12,
CODIE ,12,
CUBA ,12,
CULLEN ,12,
DAKSH ,12,
DANISH ,12,
DAOUD ,12,
DAWOUD ,12,
DEMIR ,12,
DILRAJ ,12,
DRE ,12,
EHAN ,12,
FERDINAND ,12,
FLOYD ,12,
FRAZIER ,12,
FREDDIE-JAMES ,12,
FYNLEY ,12,
GARETH ,12,
GEORGIOS ,12,
GERALD ,12,
GERRY ,12,
GIACOMO ,12,
GIANNI ,12,
GRACJAN ,12,
GUSTAS ,12,
GUSTAVO ,12,
GWION ,12,
HAL ,12,
HARTLEY ,12,
HARVEY-JAMES ,12,
HUSEYIN ,12,
INDY ,12,
ISAAQ ,12,
JAXON-JAMES ,12,
JAXXON ,12,
JOAH ,12,
JOHANNES ,12,
JOS ,12,
KAIRON ,12,
KAIUS ,12,
KAYNE ,12,
KAYSEN ,12,
KEANE ,12,
KHALEEL ,12,
KHALIFA ,12,
KHIAN ,12,
KILIAN ,12,
KITT ,12,
KOLBY ,12,
KORBYN ,12,
LAKE ,12,
LEVENTE ,12,
LEWIN ,12,
LINDEN ,12,
LOHAN ,12,
MAKSIMS ,12,
MANAV ,12,
MAZEN ,12,
MICHEAL ,12,
MILAD ,12,
MUHAMAD ,12,
NADIR ,12,
NAEL ,12,
NALI ,12,
NASIR ,12,
NAYAN ,12,
NIHAAL ,12,
NOAR ,12,
POYRAZ ,12,
RALF ,12,
RALPHI ,12,
REEF ,12,
RENE ,12,
RISHAN ,12,
RIYADH ,12,
ROGER ,12,
ROJUS ,12,
ROSCO ,12,
SALAH ,12,
SAMPSON ,12,
SHALOM ,12,
SHAYLAN ,12,
SHIMON ,12,
SHIVEN ,12,
SULIMAN ,12,
TRE ,12,
VAUGHN ,12,
VIAN ,12,
YAKOV ,12,
YAQOOB ,12,
YITZCHOK ,12,
YOUCEF ,12,
YOUNUS ,12,
YUVAN ,12,
ZAHID ,12,
ZEB ,12,
ZIAD ,12,
ADEEL ,11,
ADI ,11,
AIMAN ,11,
AJUS ,11,
AKAAL ,11,
ALIJAH ,11,
AODHAN ,11,
ARAV ,11,
ARMANDO ,11,
ARSH ,11,
ARTHUR-JAMES ,11,
ASLAN ,11,
BARCLAY ,11,
BARRY ,11,
BAYLEY ,11,
BOBBY-LEE ,11,
BRAYAN ,11,
BRODI ,11,
CAESAR ,11,
CATALIN ,11,
CEEJAY ,11,
CHARLIE-RAY ,11,
COBI ,11,
COLT ,11,
CORIN ,11,
DAMIR ,11,
DANE ,11,
DARIN ,11,
DARSH ,11,
DARSHAN ,11,
DAUD ,11,
DONTAE ,11,
DOVID ,11,
DYFAN ,11,
ELIAN ,11,
ELIGH ,11,
ENRICO ,11,
EZRAH ,11,
FAARIS ,11,
FENN ,11,
FENTON ,11,
FORD ,11,
FRANKIE-LEE ,11,
FREDDIE-JOE ,11,
FREDRIK ,11,
FYFE ,11,
GASPARD ,11,
GHULAM ,11,
GREY ,11,
GURNOOR ,11,
HAO ,11,
HIMMAT ,11,
HIRO ,11,
HOSEA ,11,
HOWIE ,11,
IGNAS ,11,
ILIAS ,11,
IONATAN ,11,
IZAIAH ,11,
JAMIE-LEE ,11,
JAYLON ,11,
JESSIE ,11,
JIMI ,11,
JOEY-JAMES ,11,
JONATHON ,11,
JOTHAM ,11,
JULIEN ,11,
KALEEM ,11,
KALOYAN ,11,
KAMEEL ,11,
KAROLIS ,11,
KAYAAN ,11,
KEENAN ,11,
KEILAN ,11,
KESHAV ,11,
KODIE ,11,
KRISHIV ,11,
KYON ,11,
LARRY ,11,
LEELAND ,11,
LEMAR ,11,
LUCAN ,11,
MAAHIR ,11,
MACAULAY ,11,
MACE ,11,
MAHER ,11,
MARCELO ,11,
MARIOS ,11,
MARKAS ,11,
MASSIMO ,11,
MATHEUS ,11,
MAXIMO ,11,
MEER ,11,
MIKA ,11,
MIR ,11,
MOEEZ ,11,
MUZAMMIL ,11,
NAEEM ,11,
NATANAEL ,11,
NICOLO ,11,
NISHAAN ,11,
NORBERT ,11,
NOVA ,11,
OSSIAN ,11,
OZAN ,11,
PASHA ,11,
PAULO ,11,
PEYTON ,11,
PIRAN ,11,
RAGNAR ,11,
RAKAN ,11,
RAYYAAN ,11,
REESE ,11,
REHAAN ,11,
REIS ,11,
REJUS ,11,
REO ,11,
REUEL ,11,
RIHAAN ,11,
RIHAN ,11,
ROBSON ,11,
RYAAN ,11,
SAMIUL ,11,
SAMUELE ,11,
SHAHAN ,11,
SHAI ,11,
SHLOIME ,11,
SHLOMO ,11,
TAFARI ,11,
TALIESIN ,11,
TAYYAB ,11,
TEEJAY ,11,
TIBERIUS ,11,
TOBIN ,11,
TYRION ,11,
URIEL ,11,
VASILE ,11,
VED ,11,
YASSER ,11,
YURI ,11,
YUVRAAJ ,11,
ZACKARIAH ,11,
ZAEEM ,11,
ZAKK ,11,
ZEYAD ,11,
ZINEDINE ,11,
ZOHAN ,11,
ZUBAYR ,11,
AARIB ,10,
ABDUL-RAHMAN ,10,
ADEEB ,10,
AGAM ,10,
AHAAN ,10,
AKSHAYAN ,10,
ALFIE-GEORGE ,10,
ALIN ,10,
ALISTER ,10,
ALLEN ,10,
ALP ,10,
AMBROSE ,10,
ANDI ,10,
ANDRZEJ ,10,
ANTOINE ,10,
ARSHAN ,10,
ARTEM ,10,
ARTURO ,10,
ASIM ,10,
AUGUSTIN ,10,
AYODEJI ,10,
BARKLEY ,10,
BECKETT ,10,
BENEDEK ,10,
BILAAL ,10,
BOBBI ,10,
BORA ,10,
BRINLEY ,10,
BRODEN ,10,
BURHAN ,10,
CAINE ,10,
CODI ,10,
CORBY ,10,
CRUZE ,10,
DAVIS ,10,
DEIO ,10,
DENNIE ,10,
DJANGO ,10,
DONNY ,10,
DONTE ,10,
DOVYDAS ,10,
DYLLAN ,10,
EGE ,10,
FARLEY ,10,
FAWAD ,10,
FERNANDO ,10,
FILIPPO ,10,
FINLEY-JAMES ,10,
FINNEGAN ,10,
FLORIN ,10,
FREDDIE-LEE ,10,
FURKAN ,10,
FURQAN ,10,
GRAHAM ,10,
GUILHERME ,10,
HABEEB ,10,
HARLYN ,10,
HAROUN ,10,
HARRY-JAMES ,10,
HAYYAN ,10,
HENRIQUE ,10,
HESTON ,10,
HISHAAM ,10,
IAGO ,10,
IGNATIUS ,10,
JABIR ,10,
JAFAR ,10,
JIM ,10,
JIN ,10,
JOBIE ,10,
JORDI ,10,
JOVEN ,10,
JUNAYD ,10,
KAIRAV ,10,
KALEL ,10,
KAMRON ,10,
KAYDAN ,10,
KAYSAN ,10,
KEIRON ,10,
KENJI ,10,
KERIM ,10,
KHARI ,10,
KNOX ,10,
KORBEN ,10,
KRISTIANS ,10,
KYDEN ,10,
LAWI ,10,
LINK ,10,
MAJEED ,10,
MAMADOU ,10,
MASON-JAMES ,10,
MEIR ,10,
MEKHI ,10,
MIKHAEL ,10,
MILLEN ,10,
MIRAJ ,10,
MOOSA ,10,
MUAAD ,10,
MUHAMMAD-ALI ,10,
MUHAMMAD-YUSUF ,10,
MUHSIN ,10,
MURAD ,10,
MUS'AB ,10,
NAHUM ,10,
NAHYAN ,10,
NAYEL ,10,
NEEL ,10,
NIKOLAOS ,10,
NOAM ,10,
NOE ,10,
NOOR ,10,
NOUH ,10,
OLAMIDE ,10,
OLLIE-JAY ,10,
OLUWATIMILEYIN ,10,
ORHAN ,10,
PADRAIG ,10,
PAOLO ,10,
PETAR ,10,
PIP ,10,
QUINTEN ,10,
RAHUL ,10,
RANVIR ,10,
RHYDIAN ,10,
RIYAAN ,10,
RODNEY ,10,
RUDIE ,10,
RYLAN ,10,
SAIYAN ,10,
SALIM ,10,
SAMUIL ,10,
SHOAIB ,10,
SHREYAN ,10,
SKYE ,10,
TADEUSZ ,10,
TAHIR ,10,
TAIO ,10,
TARON ,10,
TEGH ,10,
TEJ ,10,
TOBEY ,10,
TOPRAK ,10,
TYLAN ,10,
TYRON ,10,
UMUT ,10,
USMAAN ,10,
VIR ,10,
WESTON ,10,
YACINE ,10,
YAHYE ,10,
YAQOUB ,10,
YOHAN ,10,
YU ,10,
YUNIS ,10,
YUVAAN ,10,
ZACHARIA ,10,
ZACKERY ,10,
ZAYED ,10,
ZEBEDEE ,10,
ZIYAAN ,10,
A ,9,
A-JAY ,9,
AADITYA ,9,
AADVIK ,9,
AAHAN ,9,
AARIYAN ,9,
AAYAAN ,9,
ABAAN ,9,
ABDUL-HAADI ,9,
ABDUL-MALIK ,9,
ABDULWAHAB ,9,
ABDURRAHEEM ,9,
ABHINAV ,9,
ABRAM ,9,
ADEL ,9,
AERON ,9,
AHNAF ,9,
AKEEM ,9,
ALFFI ,9,
ALFIE-JOHN ,9,
ALIYAAN ,9,
ALVI ,9,
ANDREY ,9,
ANTHONY-JAMES ,9,
AQIB ,9,
ARAMIS ,9,
ARCHIE-LEE ,9,
AREEZ ,9,
ARHAAN ,9,
ARLIND ,9,
ARMINAS ,9,
ARO ,9,
ARTIOM ,9,
AUDEN ,9,
AYAANSH ,9,
BARTHOLOMEW ,9,
BASSAM ,9,
BENNIE ,9,
BERT ,9,
BOBBY-JOE ,9,
BOBI ,9,
BODEN ,9,
BOHDI ,9,
BOSTON ,9,
BRAN ,9,
CAILAN ,9,
CASIAN ,9,
CEZARY ,9,
CJ ,9,
CLARENCE ,9,
DAKOTA ,9,
DAREN ,9,
DAVEY ,9,
DAVIDS ,9,
DAXTON ,9,
DIMITRIOS ,9,
DONALD ,9,
DUARTE ,9,
EDWYN ,9,
ELAN ,9,
ELIO ,9,
ELNATHAN ,9,
ELON ,9,
EMILS ,9,
ENNIS ,9,
ENRIQUE ,9,
ERIS ,9,
ESAH ,9,
ETHAN-JAMES ,9,
EVANDER ,9,
EVREN ,9,
EZIO ,9,
FAIZAAN ,9,
FAOLAN ,9,
FARES ,9,
FELIPE ,9,
FLAVIUS ,9,
FRAIZER ,9,
FRANCOIS ,9,
FUAD ,9,
GABRIELE ,9,
GIAN ,9,
GIL ,9,
GILES ,9,
GONCALO ,9,
GRUFFUDD ,9,
GUNEY ,9,
HAASHIM ,9,
HALIL ,9,
HARITH ,9,
HARLAND ,9,
HARVEY-JAY ,9,
HAWLEY ,9,
HAZIQ ,9,
HEDLEY ,9,
HEKTOR ,9,
HUDHAYFAH ,9,
HYWEL ,9,
IBRAHIMA ,9,
IFOR ,9,
ILYA ,9,
INDIE ,9,
INDIGO ,9,
IOSUA ,9,
IZIAH ,9,
JAHAN ,9,
JAHZIAH ,9,
JAMISON ,9,
JEM ,9,
JIBRAN ,9,
JIYAN ,9,
JOACHIM ,9,
JOBAN ,9,
JOBE ,9,
JODY ,9,
JOSEPH-JAMES ,9,
JUDD ,9,
KAEDEN ,9,
KARANVEER ,9,
KARTAR ,9,
KASIM ,9,
KAYDEN-LEE ,9,
KAZIMIERZ ,9,
KEIAN ,9,
KENNEDY ,9,
KHALIF ,9,
KIRK ,9,
KISHAN ,9,
KORY ,9,
KWAKU ,9,
KYLEN ,9,
KYRO ,9,
LAKSH ,9,
LAMAR ,9,
LAWAND ,9,
LAYNE ,9,
LLEWELLYN ,9,
LORIK ,9,
LORIS ,9,
LOURENCO ,9,
LUAN ,9,
MAALIK ,9,
MABON ,9,
MAHMOOD ,9,
MANI ,9,
MANNY ,9,
MANTAS ,9,
MASSIMILIANO ,9,
MATYAS ,9,
MAXIMILIANO ,9,
MAXTON ,9,
MAXYMILIAN ,9,
MCKINLEY ,9,
MELVIN ,9,
MERLIN ,9,
METE ,9,
MICAIAH ,9,
MILEY ,9,
MITHRAN ,9,
MOSTAFA ,9,
MUAZ ,9,
MUHAMMAD-EESA ,9,
MUHAMMAD-IBRAHIM ,9,
NEEV ,9,
NEHAN ,9,
NICKOLAS ,9,
NICOLAE ,9,
NIYAM ,9,
OLE ,9,
OTHNIEL ,9,
PANAGIOTIS ,9,
PARIS ,9,
PETROS ,9,
PIERS ,9,
RAFFI ,9,
RAMONE ,9,
RANULPH ,9,
REI ,9,
RIAZ ,9,
RIVAAN ,9,
ROHIT ,9,
ROLLO ,9,
ROMAN-LEE ,9,
RONALDO ,9,
ROYAL ,9,
SAIFULLAH ,9,
SAMY ,9,
SARTAJ ,9,
SEBASTIANO ,9,
SHAHZAIB ,9,
SHAKEEL ,9,
SHAYDEN ,9,
SHAYEN ,9,
SHREY ,9,
SIDHARTH ,9,
SIMCHA ,9,
SINAN ,9,
STORM ,9,
SUKHRAJ ,9,
SULAYMAAN ,9,
TAO ,9,
TAYO ,9,
TERRENCE ,9,
THADDEUS ,9,
THARUN ,9,
TIAN ,9,
TIERNAN ,9,
TOMMY-JAMES ,9,
TYE ,9,
TZVI ,9,
VAUGHAN ,9,
VEERAJ ,9,
VEERAN ,9,
WASSIM ,9,
WILLOUGHBY ,9,
YAKUB ,9,
YANN ,9,
ZACKARIA ,9,
ZAVIAN ,9,
ZIAH ,9,
ZIYAN ,9,
AADEN ,8,
AARI ,8,
ABDUL-HADI ,8,
ABDULAHI ,8,
ABDULRAHEEM ,8,
ABDUR-RAHEEM ,8,
ABHIRAM ,8,
ABNER ,8,
ADONAI ,8,
ADRIJUS ,8,
AKIL ,8,
ALAND ,8,
ALBEE ,8,
ALDEN ,8,
ALDOUS ,8,
ALEKSANDRS ,8,
ALFREDO ,8,
ALVARO ,8,
ALVIE ,8,
AMAY ,8,
AMEN ,8,
ANDERS ,8,
ANDRES ,8,
ANIS ,8,
AQEEL ,8,
ARHAN ,8,
ARLOW ,8,
ASPEN ,8,
AUM ,8,
AWAB ,8,
AYLAN ,8,
AZARI ,8,
BALTHAZAR ,8,
BECK ,8,
BENAIAH ,8,
BOTOND ,8,
BRAM ,8,
BRANDON-LEE ,8,
BURHANUDDIN ,8,
CARTER-JAY ,8,
CHAISE ,8,
CHINEDU ,8,
CLIFFORD ,8,
CLINTON ,8,
CLYDE ,8,
DAINTON ,8,
DAMARI ,8,
DANIEL-JAMES ,8,
DARIAN ,8,
DASHIELL ,8,
DASTAN ,8,
DAVIE ,8,
DAYA ,8,
DEEP ,8,
DENAS ,8,
DERRICK ,8,
DERRY ,8,
DESMOND ,8,
DEVLIN ,8,
DHANUSH ,8,
DHARAM ,8,
DHIAN ,8,
DILANAS ,8,
DOLTON ,8,
DOMINIKS ,8,
EASA ,8,
EASHAN ,8,
EASON ,8,
EBRAHIM ,8,
EESAH ,8,
EHAB ,8,
EIDEN ,8,
EITAN ,8,
ELDEN ,8,
ELDON ,8,
ELIEL ,8,
ELIJAH-JAMES ,8,
ELWYN ,8,
ELY ,8,
EMILIAN ,8,
EMIRHAN ,8,
EMMET ,8,
EMRAN ,8,
ENIS ,8,
ERDEM ,8,
ERNESTO ,8,
ERVIN ,8,
ETINOSA ,8,
EVANGELOS ,8,
EZEL ,8,
FABIEN ,8,
FAHIM ,8,
FLAVIO ,8,
FRANKIE-JAY ,8,
FYNNLEY ,8,
GAVRIEL ,8,
GLYN ,8,
GRAYSEN ,8,
GRYFF ,8,
GRZEGORZ ,8,
GUNNAR ,8,
HARVIN ,8,
HAYTHAM ,8,
HENDRIK ,8,
HENOS ,8,
HERO ,8,
IANNIS ,8,
IANTO ,8,
IASONAS ,8,
IMAAN ,8,
IS'HAAQ ,8,
ISAM ,8,
ISLAM ,8,
IYAD ,8,
JACOBY ,8,
JAIDON ,8,
JAMES-JUNIOR ,8,
JOHANN ,8,
JONJO ,8,
JORAWAR ,8,
KACEY ,8,
KAIAN ,8,
KAITO ,8,
KASSIM ,8,
KASSIUS ,8,
KAVI ,8,
KAVISH ,8,
KEIGAN ,8,
KENLEY ,8,
KIDUS ,8,
KIP ,8,
KRISTERS ,8,
KRISTOF ,8,
LEIGHTON-JAMES ,8,
LIAN ,8,
LOCRYN ,8,
LOGAN-JAY ,8,
LONNIE ,8,
LYNDEN ,8,
MADOC ,8,
MAKS ,8,
MAKSYM ,8,
MATT ,8,
MATUS ,8,
MATVEY ,8,
MAYAN ,8,
MENACHEM ,8,
MICHAIL ,8,
MIESZKO ,8,
MIHIR ,8,
MIHRAN ,8,
MILLAN ,8,
MIRAC ,8,
MOIZ ,8,
MOMIN ,8,
MONTE ,8,
MOUSSA ,8,
MUHAMMAD-AYAAN ,8,
MUHAMMAD-MUSTAFA ,8,
MUIZZ ,8,
MUNIR ,8,
MYLAN ,8,
NAIM ,8,
NARAYAN ,8,
NERO ,8,
NIMA ,8,
NYALL ,8,
OAKLEE ,8,
OBINNA ,8,
OLIVER-JAY ,8,
OLLI ,8,
OLLIE-JAMES ,8,
OLUWADAMILARE ,8,
OLUWADEMILADE ,8,
OLUWAFERANMI ,8,
OMID ,8,
ONYX ,8,
OPIE ,8,
OUSMAN ,8,
OWYN ,8,
PARSA ,8,
PHARRELL ,8,
PRAISE ,8,
RADLEY ,8,
RAED ,8,
RAI ,8,
RAM ,8,
RAMSAY ,8,
RAYNE ,8,
REEVE ,8,
REMUS ,8,
REY ,8,
REYAAN ,8,
RHETT ,8,
RIAD ,8,
ROARY ,8,
RON ,8,
RONNIE-JAY ,8,
RYLEIGH ,8,
SAHAL ,8,
SAHIR ,8,
SALAHUDEEN ,8,
SALEEM ,8,
SAMUAL ,8,
SAN ,8,
SARAN ,8,
SEVE ,8,
SHAYE ,8,
SHERIFF ,8,
SHIVAAY ,8,
SHLOK ,8,
SHRAVAN ,8,
SKYLER ,8,
SOHAM ,8,
SONNI ,8,
SOUL ,8,
STEFANOS ,8,
STEVE ,8,
SUKHMAN ,8,
SYLVESTER ,8,
TANVIR ,8,
TARUN ,8,
TAYM ,8,
TEDDY-RAY ,8,
TENZIN ,8,
TIMAS ,8,
TIMMY ,8,
TITAS ,8,
TOMMY-JAY ,8,
TWM ,8,
TYLER-JOHN ,8,
UBAYD ,8,
URIAH ,8,
USAYD ,8,
VIKRAM ,8,
VIRAAJ ,8,
VIYAAN ,8,
VYOM ,8,
WASEEM ,8,
WOLFGANG ,8,
YAAKOV ,8,
YAMEEN ,8,
YOAN ,8,
ZAHI ,8,
ZAYLEN ,8,
ZEVI ,8,
ZUHAIR ,8,
ZULQARNAIN ,8,
ABDALLA ,7,
ABDULHADI ,7,
ABEER ,7,
ABHAY ,7,
ADHVIK ,7,
ADRIEN ,7,
AFNAN ,7,
AGAMVEER ,7,
AGASTYA ,7,
AHARON ,7,
AIAN ,7,
AIDAN-JAMES ,7,
AJAI ,7,
AJIT ,7,
AKIF ,7,
AKIRA ,7,
AKSHAY ,7,
ALARIC ,7,
ALEXANDR ,7,
ALMIR ,7,
ALONSO ,7,
AMADOU ,7,
AMER ,7,
AMJAD ,7,
ANDREJ ,7,
ARAF ,7,
ARBER ,7,
ARCHIE-JAY ,7,
ARIZ ,7,
ARLAN ,7,
ARLO-JAMES ,7,
ARLOH ,7,
ARMAND ,7,
AROS ,7,
ARSALAN ,7,
ARTA ,7,
ARTURS ,7,
ARWYN ,7,
ATIF ,7,
ATTILA ,7,
BADER ,7,
BARTEK ,7,
BLESSING ,7,
BOBBY-JAMES ,7,
BRAYLEN ,7,
BRIGHT ,7,
BUDDIE ,7,
CAIRON ,7,
CALIN ,7,
CARMELO ,7,
CATO ,7,
CELT ,7,
CHARLIE-GEORGE ,7,
CHUKWUEMEKA ,7,
CINAR ,7,
CLAUDE ,7,
CODY-JAMES ,7,
COLM ,7,
CORNELIUS ,7,
DAANISH ,7,
DAIYAN ,7,
DAMILOLA ,7,
DAMION ,7,
DARBY ,7,
DAVE ,7,
DAVIAN ,7,
DEMPSEY ,7,
DEONTAY ,7,
DESHAWN ,7,
DESIRE ,7,
DESTAN ,7,
DEVEN ,7,
DEWAN ,7,
DOV ,7,
EAMON ,7,
EBAN ,7,
EDMOND ,7,
EDOUARD ,7,
EDRIS ,7,
EDVIN ,7,
EFREM ,7,
EIFION ,7,
ELEAZAR ,7,
ELIYAS ,7,
ELTON ,7,
EMAD ,7,
EMILIANO ,7,
EMYR ,7,
ENDRI ,7,
ESTEBAN ,7,
ETHEN ,7,
FARHAAN ,7,
FARID ,7,
FAWAZ ,7,
FIDEL ,7,
FINLEE ,7,
FINNBAR ,7,
FRANKIE-JAMES ,7,
FREDDIE-RAY ,7,
FREDERICO ,7,
GIAAN ,7,
GLENN ,7,
GRIFFITH ,7,
GURKIRAT ,7,
GURMAN ,7,
GURTAJ ,7,
GUSTAVS ,7,
HADRIAN ,7,
HAIDAR ,7,
HAKAN ,7,
HAMAD ,7,
HARJAN ,7,
HARLEY-RAY ,7,
HARNOOR ,7,
HARVIE ,7,
HUMAID ,7,
HUSAIN ,7,
IKENNA ,7,
ISAMBARD ,7,
IVAAN ,7,
JACEK ,7,
JACOB-LEE ,7,
JACUB ,7,
JAEDEN ,7,
JAHEIM ,7,
JAINIL ,7,
JAIRAJ ,7,
JAISON ,7,
JASRAJ ,7,
JAYCOB ,7,
JAYEN ,7,
JAYKE ,7,
JEFFERSON ,7,
JENSON-JAY ,7,
JORDAN-JUNIOR ,7,
JORDON ,7,
JUSTAS ,7,
KAIDEN-LEE ,7,
KAIO ,7,
KALEN ,7,
KAMSIYOCHUKWU ,7,
KANISH ,7,
KARTHIK ,7,
KARTIK ,7,
KASPAR ,7,
KASPIAN ,7,
KAVEER ,7,
KAZI ,7,
KEIRAN ,7,
KEITH ,7,
KEMAL ,7,
KENZI ,7,
KEYON ,7,
KHAI ,7,
KHALIS ,7,
KINAN ,7,
KIRAT ,7,
KIRO ,7,
KRIS ,7,
KYLER ,7,
KYREECE ,7,
LAKEN ,7,
LATHAN ,7,
LEBRON ,7,
LEO-JAY ,7,
LINUS ,7,
LLEWYN ,7,
LLYWELYN ,7,
LOUIE-JAMES ,7,
LUCAS-JAY ,7,
LUCIO ,7,
MAC ,7,
MAJID ,7,
MALEEK ,7,
MALEK ,7,
MARCU ,7,
MARSHAL ,7,
MARTINS ,7,
MAURO ,7,
MAXIMOS ,7,
MAXON ,7,
MEHRAN ,7,
MELCHIZEDEK ,7,
MIRACLE ,7,
MIROSLAV ,7,
MOTIEJUS ,7,
MUAADH ,7,
MUHAMED ,7,
MUNEEB ,7,
MYRON ,7,
NASSIM ,7,
NEIDAS ,7,
NEITAS ,7,
NEYMAR ,7,
NIKOLAY ,7,
NIMROD ,7,
NINO ,7,
NIRVAIR ,7,
NOOH ,7,
NURI ,7,
OLUWADARASIMI ,7,
ORRIN ,7,
PARAMVEER ,7,
PAYTON ,7,
PIERCE ,7,
PORTER ,7,
PRIYANSH ,7,
PROSPER ,7,
QUIN ,7,
QUSAI ,7,
RAFAL ,7,
RAHAND ,7,
RAHIL ,7,
RAKEEM ,7,
RANA ,7,
RAND ,7,
RAVEN ,7,
RAZA ,7,
RED ,7,
RISHABH ,7,
RIYON ,7,
ROMERO ,7,
RONNIE-LEE ,7,
RONNIE-RAY ,7,
RUHAAN ,7,
RYU ,7,
SAJJAD ,7,
SALVATORE ,7,
SHAQUILLE ,7,
SHAYDON ,7,
SHIA ,7,
SHIVAN ,7,
SIMAS ,7,
SKY ,7,
SOFIAN ,7,
SOHAN ,7,
STELLAN ,7,
STRUAN ,7,
SUFIYAN ,7,
SUHAYB ,7,
T-JAY ,7,
TAMAS ,7,
TAMIM ,7,
TANVEER ,7,
TAYLEN ,7,
TAYLER ,7,
TAYLOR-JAY ,7,
THEOPHILUS ,7,
THORIN ,7,
TIGER ,7,
TIMOFEY ,7,
TIMOTHEE ,7,
TOMMY-JOE ,7,
TORSTEN ,7,
TYGER ,7,
TYLA ,7,
TYLER-LEE ,7,
TYTUS ,7,
UMER ,7,
VADIM ,7,
VICENTE ,7,
WASIF ,7,
WEI ,7,
WILDER ,7,
WILFRID ,7,
XZAVIER ,7,
YACOUB ,7,
YAD ,7,
YASA ,7,
YONIS ,7,
YVES ,7,
ZAHRAN ,7,
ZEUS ,7,
ZISHAN ,7,
ZOLTAN ,7,
AADI ,6,
AAREN ,6,
AARIAN ,6,
AARIN ,6,
AARNAV ,6,
AASIM ,6,
ABDOULIE ,6,
ABDUL-AHAD ,6,
ABDUL-HAKEEM ,6,
ABDUL-KAREEM ,6,
ABDUL-RAHEEM ,6,
ABDULLA ,6,
ABIR ,6,
ACHILLES ,6,
ADIYAN ,6,
ADNAAN ,6,
ADONAY ,6,
ADRIANS ,6,
AHRON ,6,
AJWAD ,6,
AKASH ,6,
AKSHAR ,6,
AL ,6,
ALEKSS ,6,
ALEXI ,6,
ALEXZANDER ,6,
ALFIE-JACK ,6,
ALFIE-RAY ,6,
ALFONSO ,6,
ALHASSAN ,6,
AMAAD ,6,
AMADEUS ,6,
AMANDEEP ,6,
AMIAS ,6,
AMR ,6,
ANAND ,6,
ANASTASIOS ,6,
ANEES ,6,
ANSEL ,6,
ANVAY ,6,
ARAD ,6,
ARAZ ,6,
ARCHI ,6,
ARCHIE-RAY ,6,
ARCHY ,6,
ARFAN ,6,
ARINZE ,6,
ARIO ,6,
ARKADIUSZ ,6,
ARNO ,6,
ARSLAN ,6,
ARTJOMS ,6,
ARYEH ,6,
ASHVIN ,6,
ASIF ,6,
ATA ,6,
ATES ,6,
AVEN ,6,
AYHAM ,6,
AZHAR ,6,
BALRAJ ,6,
BELAL ,6,
BENZION ,6,
BILLY-RAY ,6,
BLAIR ,6,
BRAE ,6,
BRAEDEN ,6,
BRAJAN ,6,
BRANDAN ,6,
BRAYEN ,6,
BRET ,6,
BRODY-LEE ,6,
BROOKS ,6,
BRYNLEY ,6,
BURAK ,6,
BUSBY ,6,
CAELEN ,6,
CAILEN ,6,
CAN ,6,
CANAAN ,6,
CARLISLE ,6,
CARTER-LEE ,6,
CAVALLI ,6,
CAYDE ,6,
CHAEL ,6,
CHARLEE ,6,
CLAUDIU ,6,
COBY-JAMES ,6,
CONSTANTINOS ,6,
COURTNEY ,6,
CSABA ,6,
CYRIL ,6,
D'ANGELO ,6,
DAITHI ,6,
DAIVIK ,6,
DANIELE ,6,
DANILA ,6,
DANIYAAL ,6,
DANNY-JOE ,6,
DARIEN ,6,
DARRYL ,6,
DEIMANTAS ,6,
DESTINY ,6,
DHANVIN ,6,
DIMITRIS ,6,
DOUG ,6,
DYLAN-JAMES ,6,
EDVARD ,6,
EFRAIM ,6,
ELIAH ,6,
EMAAD ,6,
ENEA ,6,
ERIOLUWA ,6,
FAIZ ,6,
FEDOR ,6,
FIN ,6,
FINIAN ,6,
FINLEY-JAY ,6,
FINNICK ,6,
FRAISER ,6,
FRASIER ,6,
FREDDIE-JAY ,6,
FRYDERYK ,6,
GABE ,6,
GABOR ,6,
GARRY ,6,
GAUTHAM ,6,
GEORGIO ,6,
GETHYN ,6,
GIBSON ,6,
GUILLERMO ,6,
GURANSH ,6,
GURSAHIB ,6,
HAASHIR ,6,
HAMAAD ,6,
HAMILTON ,6,
HAN ,6,
HANZALA ,6,
HARJOT ,6,
HARLEY-JAI ,6,
HARLEY-JOHN ,6,
HARLIE ,6,
HARON ,6,
HARRIE ,6,
HARRINGTON ,6,
HARUKI ,6,
HARVIR ,6,
HATIM ,6,
HAYDAR ,6,
HAYDEN-JAMES ,6,
HAYDEN-LEE ,6,
HAYDON ,6,
HENRIE ,6,
HILTON ,6,
HRISTO ,6,
HUMAYUN ,6,
IAIN ,6,
IDRISS ,6,
IMTIAZ ,6,
IORI ,6,
ISAAC-JAMES ,6,
IVAR ,6,
IVER ,6,
IZAK ,6,
JACK-JUNIOR ,6,
JACKSON-JAMES ,6,
JAHSIAH ,6,
JAIDAN ,6,
JAMIE-JUNIOR ,6,
JAMIESON ,6,
JANOS ,6,
JAPNOOR ,6,
JAROSLAV ,6,
JARROD ,6,
JASIM ,6,
JASNOOR ,6,
JAXTON ,6,
JAY-J ,6,
JAYCEE ,6,
JEAN ,6,
JEAN-LUC ,6,
JEET ,6,
JERIAH ,6,
JERICHO ,6,
JESIAH ,6,
JESPER ,6,
JESUS ,6,
JOHN-JOSEPH ,6,
JOHNSON ,6,
JONA ,6,
JOUD ,6,
JOY ,6,
JUN ,6,
KAILEB ,6,
KAILUM ,6,
KALVIN ,6,
KALYAN ,6,
KARMAN ,6,
KAVAN ,6,
KAYHAN ,6,
KAYLON ,6,
KEALAN ,6,
KEAN ,6,
KEANO ,6,
KELLEN ,6,
KENTON ,6,
KIE ,6,
KIRIN ,6,
KIRUBEL ,6,
KIYANSH ,6,
KLAIDAS ,6,
KODA ,6,
KORDIAN ,6,
KOREDE ,6,
KRISTOFERS ,6,
KRUZ ,6,
KYRESE ,6,
KYRI ,6,
LAITON ,6,
LAMIN ,6,
LAYLAND ,6,
LEALAND ,6,
LEMMY ,6,
LESTER ,6,
LETO ,6,
LEVI-JAMES ,6,
LINDON ,6,
LLEW ,6,
LOCKE ,6,
LOUKAS ,6,
LOWAN ,6,
LOXLEY ,6,
LUAY ,6,
LUI ,6,
LYON ,6,
LYSANDER ,6,
MACEO ,6,
MADHAV ,6,
MAHAMED ,6,
MATHEO ,6,
MATIN ,6,
MATISSE ,6,
MAXENCE ,6,
MEHTAB ,6,
MENASHE ,6,
MENDY ,6,
MIAN ,6,
MICHAEL-JAMES ,6,
MIKA'IL ,6,
MINH ,6,
MOHAMMOD ,6,
MOHAMUD ,6,
MONTANA ,6,
MUAD ,6,
MUBEEN ,6,
MUHAMMAD-ABDULLAH ,6,
MUHAMMAD-MUSA ,6,
MUMIN ,6,
NAFTOLI ,6,
NAMAN ,6,
NASSER ,6,
NATAS ,6,
NAVEEN ,6,
NEDW ,6,
NESTOR ,6,
NEVAN ,6,
NICCOLO ,6,
NIKLAUS ,6,
NIRVAN ,6,
NIVAN ,6,
NOUR ,6,
NYE ,6,
OAKLEY-JAMES ,6,
OCTAVIAN ,6,
OJAS ,6,
OLIVER-GEORGE ,6,
OLIVER-JOHN ,6,
OLUWASEYI ,6,
OLUWATIMILEHIN ,6,
ORESTAS ,6,
OSAMA ,6,
OVIE ,6,
PARAM ,6,
PAVAN ,6,
PEREGRINE ,6,
PEREZ ,6,
PERSEUS ,6,
PETR ,6,
PHILIPPOS ,6,
PHINEAS ,6,
PIJUS ,6,
PRABHJOT ,6,
PRESLAV ,6,
PRISH ,6,
PRZEMYSLAW ,6,
QUINCY ,6,
QUINTIN ,6,
RADIN ,6,
RADOSLAW ,6,
RAFFAEL ,6,
RAJAB ,6,
RAMIN ,6,
RAMON ,6,
RAMY ,6,
RANBIR ,6,
RAOUL ,6,
RASHEED ,6,
RATU ,6,
REDA ,6,
REDD ,6,
REES ,6,
REGGIE-JAMES ,6,
REGGIE-RAY ,6,
RENELL ,6,
RENLEY ,6,
REUBAN ,6,
REVAN ,6,
REYAANSH ,6,
RHYLEY ,6,
RIDHWAN ,6,
RILEY-RAY ,6,
RIPLEY ,6,
ROMANO ,6,
ROMEY ,6,
RONAK ,6,
RONAV ,6,
RONNIE-JAMES ,6,
RUBAN ,6,
RUMI ,6,
SAARIM ,6,
SABEEL ,6,
SAKARIYA ,6,
SALEM ,6,
SALI ,6,
SALMAAN ,6,
SAMIULLAH ,6,
SANTI ,6,
SEHAJ ,6,
SENNEN ,6,
SERAFIM ,6,
SHAHID ,6,
SHAHZAIN ,6,
SHAYA ,6,
SHAYNE ,6,
SHAZIL ,6,
SIDDHANT ,6,
SIMONAS ,6,
SONNY-LEE ,6,
SRI ,6,
STANISLAV ,6,
SUHAIB ,6,
SURAJ ,6,
SURYA ,6,
SWALEY ,6,
SYON ,6,
TADAS ,6,
TALAL ,6,
TALON ,6,
TAREK ,6,
TATUM ,6,
TAWHEED ,6,
TAWHID ,6,
TAYLON ,6,
TAYLOR-JAMES ,6,
TEDDY-LEE ,6,
TEILO ,6,
TEJAS ,6,
TREMAINE ,6,
TREVOR ,6,
TRISTON ,6,
UCHENNA ,6,
VIREN ,6,
VITTORIO ,6,
WALID ,6,
WASIM ,6,
WILLOW ,6,
WISDOM ,6,
WOJTEK ,6,
WOLFE ,6,
XAVI ,6,
YAHIA ,6,
YAHIYA ,6,
YANNICK ,6,
YOHANN ,6,
YUG ,6,
YUSAF ,6,
YUSIF ,6,
ZACHARIYA ,6,
ZAHEER ,6,
ZAKARIYYAH ,6,
ZALAN ,6,
ZARIF ,6,
ZAYDAAN ,6,
ZENON ,6,
ZIAN ,6,
ZICO ,6,
ZOHAIR ,6,
ZSOMBOR ,6,
ZYON ,6,
AARRON ,5,
AATHIRAN ,5,
ABDILLAHI ,5,
ABDUL-BASIT ,5,
ABDUL-REHMAN ,5,
ABDULHAKIM ,5,
ABDULKADIR ,5,
ABHIJOT ,5,
ABHIMANYU ,5,
ABIEL ,5,
ABUBAKER ,5,
ADAIR ,5,
ADAM-JUNIOR ,5,
ADARSH ,5,
ADAS ,5,
ADISON ,5,
ADVAITH ,5,
ADYAAN ,5,
AHYAAN ,5,
AIZEN ,5,
AJANI ,5,
AKARAN ,5,
AKEEL ,5,
AKOREDE ,5,
AKOS ,5,
ALBEY ,5,
ALEKSEY ,5,
ALFIE-THOMAS ,5,
ALHAJI ,5,
ALIM ,5,
ALLISTER ,5,
ALPER ,5,
AMADEO ,5,
AMARION ,5,
ANDER ,5,
ANDREW-JAMES ,5,
ANES ,5,
ANH ,5,
ANIK ,5,
ANUAR ,5,
ANZAR ,5,
AOUS ,5,
ARASH ,5,
ARCHIE-GEORGE ,5,
AREL ,5,
ARIE ,5,
ARIYAAN ,5,
ARJEN ,5,
ARTO ,5,
ARTY ,5,
ARYAV ,5,
ASADULLAH ,5,
ASER ,5,
ASHDON ,5,
ASHRAF ,5,
ASTIN ,5,
ASTON-JAMES ,5,
ATREYU ,5,
AVIR ,5,
AVRAHAM ,5,
AWS ,5,
AYAAZ ,5,
AYO ,5,
AYUUB ,5,
AZAI ,5,
AZHAAN ,5,
BADR ,5,
BAKARY ,5,
BALE ,5,
BASHIR ,5,
BASIT ,5,
BAWAN ,5,
BAYLEE ,5,
BEAUMONT ,5,
BEAUX ,5,
BENI ,5,
BENN ,5,
BERKAY ,5,
BLAIZE ,5,
BLAZEJ ,5,
BOB ,5,
BRAIDY ,5,
BRODEY ,5,
BURHAAN ,5,
C ,5,
CAISON ,5,
CAL ,5,
CALE ,5,
CALEB-JAMES ,5,
CAMRON ,5,
CARSEN ,5,
CASEN ,5,
CASSIDY ,5,
CEM ,5,
CHAICE ,5,
CHANSE ,5,
CHEIKH ,5,
CHIMDINDU ,5,
CHISOM ,5,
CHRISTIANO ,5,
CHUKA ,5,
CHUKWUEBUKA ,5,
COBAIN ,5,
COBY-LEE ,5,
COLLIN ,5,
CORAN ,5,
CYPRIAN ,5,
D'ANDRE ,5,
DAGMAWI ,5,
DANI ,5,
DANIEL-JUNIOR ,5,
DANILO ,5,
DARIUSH ,5,
DARRELL ,5,
DARYAN ,5,
DAVID-JAMES ,5,
DAVY ,5,
DEANO ,5,
DEEGAN ,5,
DEIVIDAS ,5,
DEMITRI ,5,
DENLEY ,5,
DENTON ,5,
DENYS ,5,
DENZIL ,5,
DESTIN ,5,
DEVONTAE ,5,
DEVRAJ ,5,
DEX ,5,
DHYEY ,5,
DIESEL ,5,
DILRAAJ ,5,
DIOGO ,5,
DIVIT ,5,
DMITRY ,5,
DRAVEN ,5,
DRU ,5,
DUSTIN ,5,
EAMONN ,5,
EIMANTAS ,5,
EINAR ,5,
ELIASZ ,5,
ELION ,5,
ELJAY ,5,
ELSON ,5,
EMMERSON ,5,
ENIOLA ,5,
ERON ,5,
ESMAIL ,5,
ESPEN ,5,
ETHAN-LEE ,5,
ETTORE ,5,
EVIN ,5,
EZAAN ,5,
EZANA ,5,
EZEQUIEL ,5,
FAAIZ ,5,
FAHEEM ,5,
FARAI ,5,
FARAN ,5,
FAWZAN ,5,
FERGUSON ,5,
FINBARR ,5,
FINEAS ,5,
FIRAS ,5,
FOLARIN ,5,
FOUAD ,5,
FRANTISEK ,5,
FREDDI ,5,
FREDDIE-JOHN ,5,
FREY ,5,
GAGE ,5,
GASTON ,5,
GEORGES ,5,
GERRARD ,5,
GHASSAN ,5,
GIO ,5,
GIULIO ,5,
GONZALO ,5,
GREAT ,5,
GULLIVER ,5,
GURJOT ,5,
GUSTAV ,5,
GUSTAW ,5,
HADEN ,5,
HAKIM ,5,
HALEEM ,5,
HAMDAAN ,5,
HAMMAAD ,5,
HANIF ,5,
HANK ,5,
HANS ,5,
HARLEIGH ,5,
HARRY-GEORGE ,5,
HARRY-JOE ,5,
HARSHIV ,5,
HARU ,5,
HARVI ,5,
HAYAAN ,5,
HAYDER ,5,
HEERA ,5,
HENDRICKS ,5,
HENSON ,5,
HERSHEL ,5,
HOLLIS ,5,
HUNOR ,5,
HUSSNAIN ,5,
IFEOLUWA ,5,
ILIE ,5,
ILYES ,5,
IMAM ,5,
IMAN ,5,
IMARI ,5,
INDRA ,5,
INNES ,5,
IRFAAN ,5,
ISAAM ,5,
ISAIA ,5,
ISAK ,5,
ISHAR ,5,
ISHER ,5,
ISHMEET ,5,
ISSAM ,5,
IZAC ,5,
JABARI ,5,
JAE ,5,
JAFFAR ,5,
JAHMARI ,5,
JAHVARI ,5,
JANIS ,5,
JARNAIL ,5,
JARON ,5,
JASHAN ,5,
JASKIRAT ,5,
JAY-JUNIOR ,5,
JAYDEEP ,5,
JAYMES ,5,
JAZZ ,5,
JEFFERY ,5,
JENS ,5,
JENSON-LEE ,5,
JEORGE ,5,
JERMAIN ,5,
JEVIN ,5,
JIA ,5,
JIDENNA ,5,
JIMMY-LEE ,5,
JIYAAN ,5,
JOAQUIN ,5,
JOASH ,5,
JOEY-LEE ,5,
JONATAN ,5,
JORDEN ,5,
JOZIAH ,5,
JULIO ,5,
JUSTICE ,5,
KABEER ,5,
KACI ,5,
KAEL ,5,
KAELEN ,5,
KAESON ,5,
KAI-JAMES ,5,
KAIDEN-JAMES ,5,
KAIS ,5,
KAL ,5,
KAMDEN ,5,
KARAMVEER ,5,
KASHIF ,5,
KAYDN ,5,
KAYIN ,5,
KAYON ,5,
KEEAN ,5,
KEERAN ,5,
KEHINDE ,5,
KEI ,5,
KELECHI ,5,
KELSON ,5,
KEMAR ,5,
KEMUEL ,5,
KESTER ,5,
KHIZR ,5,
KIAN-JAMES ,5,
KIEAN ,5,
KIEFER ,5,
KIEN ,5,
KIEREN ,5,
KIRIL ,5,
KLEVIS ,5,
KODEY ,5,
KORBAN ,5,
KOVAN ,5,
KRISTIYAN ,5,
KRISTOPHER ,5,
KY-MANI ,5,
KYRELL ,5,
KYRIACOS ,5,
KYRIAKOS ,5,
L ,5,
LASSANA ,5,
LAUCHLAN ,5,
LAYTON-JAMES ,5,
LEANDROS ,5,
LEDION ,5,
LEEJAY ,5,
LEEROY ,5,
LEIGH ,5,
LENNARD ,5,
LEON-JAMES ,5,
LEWY ,5,
LINCON ,5,
LINTON ,5,
LLION ,5,
LOCHIE ,5,
LOGHAN ,5,
LORD ,5,
LOUGHLIN ,5,
LUCUS ,5,
LUDOVIC ,5,
LUIGI ,5,
MACS ,5,
MADOG ,5,
MAEL ,5,
MAJED ,5,
MAKAN ,5,
MALIQ ,5,
MARCELLO ,5,
MARCELLUS ,5,
MARK-JUNIOR ,5,
MARKS ,5,
MASON-RILEY ,5,
MASROOR ,5,
MATE ,5,
MATHIEU ,5,
MAXEN ,5,
MAXIMILIEN ,5,
MAXMILIAN ,5,
MAYER ,5,
MCKENZIE-LEE ,5,
MESSI ,5,
MESSIAH ,5,
METIN ,5,
MIHAILS ,5,
MIKHAEEL ,5,
MIKYLE ,5,
MILTON ,5,
MISHA ,5,
MODOU ,5,
MOHAN ,5,
MOISES ,5,
MOISHY ,5,
MORTIMER ,5,
MOSS ,5,
MOTTY ,5,
MOUNIR ,5,
MUAAZ ,5,
MUBASHIR ,5,
MUJEEB ,5,
MUNRO ,5,
MUSAWWIR ,5,
MYAN ,5,
NABHAN ,5,
NAJIB ,5,
NALY ,5,
NANDOR ,5,
NAOD ,5,
NATHANIAL ,5,
NECTARIE ,5,
NEDAS ,5,
NEWTON ,5,
NICODEM ,5,
NILAY ,5,
NIRVAAN ,5,
NISHAN ,5,
NITHIN ,5,
NOMAN ,5,
NURAIZ ,5,
NYAL ,5,
OAKLEY-JAY ,5,
OLALEKAN ,5,
OLIVERIS ,5,
OLIWER ,5,
OLLIVER ,5,
OLUWAPELUMI ,5,
ONKAR ,5,
ONUR ,5,
ORESTIS ,5,
ORLAN ,5,
OSCAR-LEE ,5,
OSHER ,5,
OSINACHI ,5,
OSTYN ,5,
OUMAR ,5,
OUSMANE ,5,
PA ,5,
PAARTH ,5,
PAISLEY ,5,
PENIEL ,5,
PETER-JUNIOR ,5,
PHILIPPE ,5,
PRANISH ,5,
PRATIK ,5,
QAZI ,5,
RADVIN ,5,
RADWAN ,5,
RAEGAN ,5,
RAF ,5,
RAFA ,5,
RAHAT ,5,
RAITH ,5,
RAJ ,5,
RALFS ,5,
RAYLAN ,5,
RAYN ,5,
RAZAAN ,5,
REEYAN ,5,
REGGIE-RAE ,5,
REHMAN ,5,
RENATO ,5,
RENLY ,5,
RENNY ,5,
RENZ ,5,
RHEO ,5,
RICARDS ,5,
RICCO ,5,
RIKHIL ,5,
RILEY-LEE ,5,
RISHON ,5,
RIVEN ,5,
RIYANSH ,5,
ROCKO ,5,
ROEL ,5,
ROMEL ,5,
ROMELLE ,5,
RONEL ,5,
RORI ,5,
ROSSCO ,5,
RUAIRIDH ,5,
RUDYARD ,5,
RUE ,5,
RYAN-JAMES ,5,
RYAN-JUNIOR ,5,
RYO ,5,
SAAIM ,5,
SAALIH ,5,
SABIN ,5,
SABIR ,5,
SADIQ ,5,
SAFI ,5,
SAHAS ,5,
SAHEIM ,5,
SAINT ,5,
SAJAN ,5,
SAJID ,5,
SALAAR ,5,
SANAD ,5,
SAYAN ,5,
SEMIH ,5,
SENAY ,5,
SEVERIANO ,5,
SEWERYN ,5,
SHAD ,5,
SHAHMEER ,5,
SHAKIL ,5,
SHAKUR ,5,
SHAMAR ,5,
SHARIF ,5,
SHAYON ,5,
SHEHRYAR ,5,
SHLOIMY ,5,
SHMIEL ,5,
SHRAY ,5,
SHREYAS ,5,
SHUAIB ,5,
SHULEM ,5,
SIMAO ,5,
SKYLAR ,5,
SMITH ,5,
SOLOMAN ,5,
SORIN ,5,
STANLEY-JAMES ,5,
SUHAIL ,5,
SULLY ,5,
TAHEEM ,5,
TAHSIN ,5,
TAITE ,5,
TAKSH ,5,
TAKUDZWA ,5,
TALHAH ,5,
TANAY ,5,
TANISH ,5,
TANNER ,5,
TANUSH ,5,
TARANVEER ,5,
TAYE ,5,
TAYON ,5,
TEMITAYO ,5,
TENNYSON ,5,
TEODORO ,5,
TERRANCE ,5,
THEERAN ,5,
TITAN ,5,
TOBILOBA ,5,
TOMA ,5,
TOMASS ,5,
TORY ,5,
TREYVON ,5,
TRISTEN ,5,
TUCKER ,5,
TYREE ,5,
TYRELLE ,5,
UBAYDAH ,5,
UBAYDULLAH ,5,
UDAY ,5,
ULYSSE ,5,
UMAYR ,5,
VASIL ,5,
VASILEIOS ,5,
VISHNU ,5,
VITO ,5,
VITOR ,5,
VIVAN ,5,
VIVEK ,5,
WARWICK ,5,
WEN ,5,
WITOLD ,5,
WYNTER ,5,
YACOB ,5,
YAGO ,5,
YAHYAA ,5,
YAKUP ,5,
YAN ,5,
YASSINE ,5,
YASSIR ,5,
YOSSI ,5,
YOTAM ,5,
YUCHEN ,5,
ZAIN-UL-ABIDEEN ,5,
ZAKY ,5,
ZAMAN ,5,
ZARIYAN ,5,
ZEKI ,5,
ZENO ,5,
ZEON ,5,
ZORAN ,5,
ZVI ,5,
AADHAV ,4,
AAHAAN ,4,
AALIYAN ,4,
AAQIB ,4,
AARIV ,4,
AARY ,4,
AARYA ,4,
AATHAVAN ,4,
ABAS ,4,
ABDELRAHMAN ,4,
ABDILAHI ,4,
ABDOU ,4,
ABDUL-SAMI ,4,
ABDULREHMAN ,4,
ABDURRAHMAAN ,4,
ABDUSSAMAD ,4,
ABENEZER ,4,
ABHI ,4,
ABOUBACAR ,4,
ABRAR ,4,
ABUBACARR ,4,
ABUKAR ,4,
ABUZAR ,4,
ADEDOLAPO ,4,
ADHRIT ,4,
AGAMBIR ,4,
AGASTHYA ,4,
AHTISHAM ,4,
AIDEN-JAMES ,4,
AIKEN ,4,
AINSLEY ,4,
AIRON ,4,
AIYAZ ,4,
AJAIB ,4,
AKIVA ,4,
AKMAL ,4,
AKWASI ,4,
ALBIE-GEORGE ,4,
ALBIE-JOE ,4,
ALBIE-LEE ,4,
ALDO ,4,
ALEKSAS ,4,
ALEKSEJ ,4,
ALEN ,4,
ALEXEY ,4,
ALFY ,4,
ALIAKBAR ,4,
ALONIAB ,4,
ALPEREN ,4,
ALPHONSE ,4,
ALTEO ,4,
ALWALEED ,4,
ALYAS ,4,
AMARE ,4,
AMELIO ,4,
AMIRALI ,4,
AMJED ,4,
AMRAN ,4,
AMRITPAL ,4,
ANDRIA ,4,
ANHAD ,4,
ANMOL ,4,
ANSAR ,4,
ANSON ,4,
ANTONIS ,4,
ANUSH ,4,
ARA ,4,
ARCHIE-J ,4,
ARIA ,4,
ARIUS ,4,
ARNE ,4,
ARTEMIS ,4,
ARTEMUS ,4,
ARVI ,4,
ARWIN ,4,
ASEN ,4,
ASHLEY-JUNIOR ,4,
ASRIEL ,4,
ASTOR ,4,
ATANAS ,4,
ATHARVA ,4,
ATHOS ,4,
AUBERON ,4,
AUN ,4,
AURELIAN ,4,
AURON ,4,
AVANEESH ,4,
AVIGDOR ,4,
AVRUMI ,4,
AVYUKTH ,4,
AYODELE ,4,
AYOOLA ,4,
AYYAAN ,4,
AZEEZ ,4,
AZIM ,4,
AZLAAN ,4,
BAI ,4,
BAILEE ,4,
BALJOT ,4,
BAO ,4,
BARIN ,4,
BARIS ,4,
BARNIE ,4,
BASIM ,4,
BATU ,4,
BELLAMY ,4,
BENJAMIM ,4,
BENJAMIN-JAMES ,4,
BENTON ,4,
BEVAN ,4,
BHAVYA ,4,
BINYAMIN ,4,
BINYOMIN ,4,
BLEDDYN ,4,
BOBBY-GEORGE ,4,
BOBBY-JAY ,4,
BODE ,4,
BOLUWATIFE ,4,
BORISLAV ,4,
BORUCH ,4,
BOSCO ,4,
BRANNON ,4,
BRAYLIN ,4,
BRIXTON ,4,
BRODEE ,4,
BRODIE-LEE ,4,
BUNYAMIN ,4,
CADAN ,4,
CAEL ,4,
CAIAN ,4,
CAILEB ,4,
CAIRAN ,4,
CALEN ,4,
CARLSON ,4,
CAROL ,4,
CARTER-JAI ,4,
CARY ,4,
CAYDON ,4,
CAYLAN ,4,
CAYLEB ,4,
CAYLEN ,4,
CAYLUM ,4,
CEE-JAY ,4,
CELLAN ,4,
CESAR ,4,
CHAE ,4,
CHARAN ,4,
CHARLIE-JOE ,4,
CHARLIE-JUNIOR ,4,
CHARLTON ,4,
CHARLY ,4,
CHIMEREMEZE ,4,
CHOUDHRY ,4,
CHRISTOPHER-JOHN ,4,
CLAUDIO ,4,
CLAYDON ,4,
CLINT ,4,
CODY-JAY ,4,
COLBIE ,4,
CONNAH ,4,
COSIMO ,4,
CRUIZ ,4,
CYNAN ,4,
DACIAN ,4,
DAMAN ,4,
DAMILARE ,4,
DANTAE ,4,
DARIUSZ ,4,
DARNELL ,4,
DAWIT ,4,
DAYNE ,4,
DAYYAN ,4,
DEAKON ,4,
DEIAN ,4,
DELANO ,4,
DEMARI ,4,
DEMBA ,4,
DEREN ,4,
DEVONTE ,4,
DEVYN ,4,
DEYAN ,4,
DHARAMVEER ,4,
DHIAAN ,4,
DHILLON ,4,
DHIYAAN ,4,
DHIYAN ,4,
DIAN ,4,
DIAR ,4,
DIAZ ,4,
DILANS ,4,
DINIS ,4,
DINO ,4,
DIONIS ,4,
DIYAR ,4,
DIYON ,4,
DJIBRIL ,4,
DONATAS ,4,
DONNELL ,4,
DORUK ,4,
DUSAN ,4,
DYAKO ,4,
EAGAN ,4,
EBRIMA ,4,
EDIN ,4,
EDIS ,4,
EDVARDAS ,4,
EEREN ,4,
EESAA ,4,
EGAN ,4,
EHAAN ,4,
EIDAN ,4,
EKAMJIT ,4,
EKAMVEER ,4,
EKTORAS ,4,
ELAI ,4,
ELBIE ,4,
ELHAM ,4,
ELIAB ,4,
ELIE ,4,
ELLERY ,4,
ELLIAS ,4,
ELWIN ,4,
ELYA ,4,
ELYAN ,4,
EMANUELE ,4,
EMETAS ,4,
EMILIJUS ,4,
EMIN ,4,
ENNIO ,4,
ERAY ,4,
ERIKS ,4,
ERLIS ,4,
ERROL ,4,
ESSAM ,4,
ETHAN-DANIEL ,4,
EVER ,4,
EYOB ,4,
EYOEL ,4,
EZRA-JAMES ,4,
FADEL ,4,
FAELAN ,4,
FALLON ,4,
FAREED ,4,
FERRIS ,4,
FIACHRA ,4,
FINAN ,4,
FINBAR ,4,
FINCH ,4,
FINDLEY ,4,
FINNAN ,4,
FORTUNE ,4,
FRANCIE ,4,
FRANKEY ,4,
FRANKIE-JOE ,4,
FREDDY-GEORGE ,4,
FREDRIC ,4,
GABRIELS ,4,
GARRETT ,4,
GEORGE-HENRY ,4,
GERGO ,4,
GLORY ,4,
GODSON ,4,
GOLAM ,4,
GURDIT ,4,
GURJEEVAN ,4,
GURSHAN ,4,
GURTEJ ,4,
GURVIR ,4,
GUSTAVE ,4,
GYAN ,4,
GYORGY ,4,
HADLEIGH ,4,
HADRIEL ,4,
HAIDER-ALI ,4,
HAMEED ,4,
HAMEEM ,4,
HANAD ,4,
HANI ,4,
HANSON ,4,
HARDEEP ,4,
HARGUN ,4,
HARISH ,4,
HARISON ,4,
HARKIRAT ,4,
HARLEY-J ,4,
HARRISON-LEE ,4,
HARRYSON ,4,
HARSHAAN ,4,
HARVINDER ,4,
HASSNAIN ,4,
HAZIM ,4,
HENIL ,4,
HENLEY-JAMES ,4,
HENRIKAS ,4,
HENRY-LEE ,4,
HERB ,4,
HERSHY ,4,
HESHAM ,4,
HET ,4,
HEYAN ,4,
HUCKLEBERRY ,4,
HUDSON-LEE ,4,
HUMAYL ,4,
HUMZAH ,4,
IASON ,4,
IFEANYI ,4,
IGGY ,4,
IKER ,4,
IKRAM ,4,
ILIYAS ,4,
IMRAAN ,4,
INAYAT ,4,
INIOLUWA ,4,
ION ,4,
IRTAZA ,4,
ISAC ,4,
ISHAK ,4,
J ,4,
JAABIR ,4,
JAAP ,4,
JACEY ,4,
JACK-JAMES ,4,
JACKY ,4,
JACOPO ,4,
JADE ,4,
JAHIEM ,4,
JAHMAI ,4,
JAHMIAH ,4,
JAHVON ,4,
JAI-JAI ,4,
JAIDEEP ,4,
JAIMIN ,4,
JAINISH ,4,
JAIRUS ,4,
JAKSON ,4,
JALAL ,4,
JALEEL ,4,
JALEN ,4,
JAMEL ,4,
JAMIEL ,4,
JARRELL ,4,
JAVAN ,4,
JAXSON-JAMES ,4,
JAY-LEE ,4,
JAYCEON ,4,
JAYSEN ,4,
JEDIAH ,4,
JEFF ,4,
JELANI ,4,
JENISH ,4,
JEREMI ,4,
JEREMIE ,4,
JERON ,4,
JERZY ,4,
JETSON ,4,
JEVAN ,4,
JEZREEL ,4,
JIBRAEEL ,4,
JIMMY-JOE ,4,
JOAB ,4,
JOAQUIM ,4,
JOCELYN ,4,
JOELL ,4,
JOHN-JUNIOR ,4,
JOHN-LUKE ,4,
JOHN-THOMAS ,4,
JOHN-WILLIAM ,4,
JOHNATHON ,4,
JOHNPAUL ,4,
JONNIE ,4,
JORA ,4,
JOSEPH-LEE ,4,
JOVI ,4,
JOZSEF ,4,
JULIUSZ ,4,
JUNO ,4,
JUPITER ,4,
JURAJ ,4,
JUSTINAS ,4,
JUSTYN ,4,
JUSUF ,4,
KACE ,4,
KAGE ,4,
KAID ,4,
KAILEM ,4,
KAILO ,4,
KAIROS ,4,
KALANI ,4,
KALEM ,4,
KALO ,4,
KAMAI ,4,
KAMALI ,4,
KARLO ,4,
KARLOS ,4,
KARO ,4,
KASE ,4,
KASEEM ,4,
KASEN ,4,
KASRA ,4,
KAVELL ,4,
KAVEN ,4,
KAYLUB ,4,
KAYODE ,4,
KEIGO ,4,
KEION ,4,
KELBY ,4,
KELSEY ,4,
KEMARI ,4,
KENZIE-LEE ,4,
KEVINS ,4,
KHALIFAH ,4,
KHAMARI ,4,
KHAWAJA ,4,
KHAYLEN ,4,
KHYREE ,4,
KINLEY ,4,
KITSON ,4,
KITTO ,4,
KONSTANTY ,4,
KORI ,4,
KRAY ,4,
KRISHAY ,4,
KRITHIK ,4,
KWABENA ,4,
KYIAN ,4,
KYLIAN ,4,
KYRONE ,4,
KYZER ,4,
LAIKEN ,4,
LAKAI ,4,
LANDEN ,4,
LARSON ,4,
LAURENT ,4,
LAURENTIU ,4,
LAWAN ,4,
LAWRIE ,4,
LEESON ,4,
LEILAND ,4,
LENNIX ,4,
LEO-JOHN ,4,
LEONE ,4,
LESLIE ,4,
LEUAN ,4,
LEVON ,4,
LEWYN ,4,
LEYLAN ,4,
LIAM-JAMES ,4,
LINCOLN-JAMES ,4,
LIO ,4,
LLEU ,4,
LOGEN ,4,
LONDON ,4,
LORENZ ,4,
LOUAY ,4,
LOUIX ,4,
LOVELL ,4,
LOWELL ,4,
LUCA-JAY ,4,
LUCIFER ,4,
LUDWIG ,4,
LUDWIK ,4,
LUIE ,4,
LYALL ,4,
LYAM ,4,
LYCAN ,4,
MAAZIN ,4,
MACKINLEY ,4,
MAHI ,4,
MAHID ,4,
MAHIN ,4,
MAIKLS ,4,
MAJD ,4,
MAKSIMILIAN ,4,
MALEIK ,4,
MALICK ,4,
MALIKAI ,4,
MANAN ,4,
MANJOT ,4,
MANKIRAT ,4,
MANSOOR ,4,
MARCELI ,4,
MARD ,4,
MARIUSZ ,4,
MARKOS ,4,
MARKY ,4,
MARLEE ,4,
MARLEY-JAY ,4,
MARTINO ,4,
MARTON ,4,
MARTYNAS ,4,
MARWAAN ,4,
MASON-JAY ,4,
MASOOD ,4,
MATH ,4,
MATHIS ,4,
MATS ,4,
MATTHEWS ,4,
MATTY ,4,
MATVEI ,4,
MAXIMILLION ,4,
MEHER ,4,
MEHRAJ ,4,
MENELIK ,4,
MERDAN ,4,
MERON ,4,
MICK ,4,
MIKAH ,4,
MIKS ,4,
MILANO ,4,
MIQDAD ,4,
MIRCEA ,4,
MIRO ,4,
MIRON ,4,
MITHUN ,4,
MOEEN ,4,
MOHAMMED-YAHYA ,4,
MOHAMOUD ,4,
MOROCCO ,4,
MORRISON ,4,
MOTTI ,4,
MUDASSIR ,4,
MUHAMMAD-ISA ,4,
MUHAMMAD-ISMAIL ,4,
MUHAMMAD-YAHYA ,4,
MUHAMMAD-ZAKARIYA ,4,
MUHAMMADALI ,4,
MURAT ,4,
MUSAAB ,4,
MUSSA ,4,
MUSTAFAA ,4,
NAAYEL ,4,
NADEEM ,4,
NAKAI ,4,
NAM ,4,
NAMIR ,4,
NAMISH ,4,
NASEEM ,4,
NAVID ,4,
NAWAF ,4,
NAZIM ,4,
NAZIR ,4,
NEAL ,4,
NEITANAS ,4,
NEVILLE ,4,
NIELS ,4,
NII ,4,
NIKAN ,4,
NIKOS ,4,
NIVIN ,4,
NIYAN ,4,
NNAMDI ,4,
NOBEL ,4,
O'SHEA ,4,
OAKLAN ,4,
OBADIAH ,4,
OBAN ,4,
OBERON ,4,
OCTAVE ,4,
OCTAVIO ,4,
ODEN ,4,
ODYSSEAS ,4,
OKKES ,4,
OLAMIPOSI ,4,
OLAWALE ,4,
OLEK ,4,
OLLY-JAY ,4,
OLUWADAMILOLA ,4,
OLUWAFEMI ,4,
OLUWANIFEMI ,4,
OLUWATAMILORE ,4,
OLUWATISE ,4,
OMARION ,4,
OMRAN ,4,
ORRY ,4,
OSBORNE ,4,
OSCAR-GEORGE ,4,
OSIAS ,4,
OSIRIS ,4,
OSKA ,4,
OSKARS ,4,
OTHMAN ,4,
OTTER ,4,
OTTIS ,4,
PAK ,4,
PANTH ,4,
PAPA ,4,
PASCAL ,4,
PAVISH ,4,
PERRAN ,4,
PHANUEL ,4,
PHARAOH ,4,
PHEONIX ,4,
PIERO ,4,
PIETER ,4,
PRABH ,4,
PRANAY ,4,
PRATHAM ,4,
PRAYAN ,4,
PREET ,4,
PRINCETON ,4,
PRIYAN ,4,
PTOLEMY ,4,
QAASIM ,4,
QAYS ,4,
RAAHIL ,4,
RAFAN ,4,
RAHMAN ,4,
RAIN ,4,
RALFIE ,4,
RAMAZAN ,4,
RAMZI ,4,
RAMZY ,4,
RAQEEB ,4,
RASHED ,4,
RASIM ,4,
RAUNAK ,4,
RAWEN ,4,
RAYANSH ,4,
REEKO ,4,
REFOEL ,4,
REG ,4,
REGGIE-JOE ,4,
REIGAN ,4,
REIKO ,4,
REILY ,4,
REJAN ,4,
REMEL ,4,
REUBYN ,4,
REXHEP ,4,
REXLEY ,4,
RHEMA ,4,
RHEON ,4,
RHION ,4,
RIORDAN ,4,
RITCHIE ,4,
RITHIK ,4,
RIVERS ,4,
RIYAAD ,4,
ROBERT-JAMES ,4,
ROBY ,4,
ROCKIE ,4,
RODDY ,4,
ROEN ,4,
ROMAN-JAMES ,4,
ROMARI ,4,
ROMI ,4,
ROMY ,4,
ROWAN-JAMES ,4,
RUBEN-JAMES ,4,
RUDOLF ,4,
RUFAEL ,4,
RUSHIL ,4,
RYDEN ,4,
SA'AD ,4,
SAAM ,4,
SAAMI ,4,
SAARTH ,4,
SABRI ,4,
SAFA ,4,
SAIFUDDIN ,4,
SAIHAAN ,4,
SAIMON ,4,
SAMAD ,4,
SAMARVEER ,4,
SAMET ,4,
SANDOR ,4,
SANDRO ,4,
SAQIB ,4,
SAVA ,4,
SAVIR ,4,
SAYHAN ,4,
SEBASTIAO ,4,
SEELEY ,4,
SEHAJDEEP ,4,
SEM ,4,
SERGE ,4,
SERGIU ,4,
SEYON ,4,
SHAHEED ,4,
SHAKIR ,4,
SHARAN ,4,
SHARJEEL ,4,
SHEHROZ ,4,
SHELBY ,4,
SHRAGA ,4,
SIMONE ,4,
SIMRAN ,4,
SIYAM ,4,
SOHAIB ,4,
SOLAL ,4,
SONNEY ,4,
SRIYAN ,4,
STAN-LEE ,4,
STEWART ,4,
SUHAS ,4,
SUHEYB ,4,
SVETOSLAV ,4,
SYD ,4,
SYLVAN ,4,
SYRUS ,4,
TAAHA ,4,
TAHMID ,4,
TAIGA ,4,
TAIT ,4,
TANAKA ,4,
TAUREN ,4,
TAYYIB ,4,
TEDDIE-LEE ,4,
TEE-JAY ,4,
TEJASVEER ,4,
TEMIDAYO ,4,
TERRELL ,4,
TERVEL ,4,
THANE ,4,
THELONIOUS ,4,
THEODEN ,4,
THEODOROS ,4,
THEOPHILE ,4,
THORBEN ,4,
THORLEY ,4,
TIAM ,4,
TIEN ,4,
TIHOMIR ,4,
TIMURS ,4,
TINAYE ,4,
TIWATOPE ,4,
TOBY-JAMES ,4,
TOLULOPE ,4,
TOMMIE-LEE ,4,
TOMMYLEE ,4,
TOR ,4,
TORYN ,4,
TRAYVON ,4,
TURKI ,4,
TYLOR ,4,
UBAIDULLAH ,4,
UGONNA ,4,
VEDAANT ,4,
VEDANSH ,4,
VEDANTH ,4,
VINNIE-LEE ,4,
VISHAL ,4,
VISHAN ,4,
VIYAN ,4,
VLADYSLAV ,4,
WAARIS ,4,
WAEL ,4,
WAHAAB ,4,
WAHEEB ,4,
WALT ,4,
WESAM ,4,
WIL ,4,
WILLIAM-JAMES ,4,
WLADYSLAW ,4,
XAVIAN ,4,
YA'QUB ,4,
YACQUB ,4,
YAKOUB ,4,
YAMAN ,4,
YAMEN ,4,
YAROSLAV ,4,
YAVUZ ,4,
YECHIEL ,4,
YESHUA ,4,
YITZI ,4,
YORDAN ,4,
YOSIEF ,4,
YOUSOF ,4,
YUVEN ,4,
YUVI ,4,
ZAAKI ,4,
ZACHARI ,4,
ZAFER ,4,
ZAIM ,4,
ZAIYAN ,4,
ZAKRIYA ,4,
ZAMAAN ,4,
ZANA ,4,
ZARYAB ,4,
ZE ,4,
ZEYD ,4,
ZHI ,4,
ZIHAO ,4,
ZIYA ,4,
ZIYAAD ,4,
ZUHAIB ,4,
ZUNAIR ,4,
AABAN ,3,
AABID ,3,
AADHVIK ,3,
AADIT ,3,
AAKIF ,3,
AANAY ,3,
AARAF ,3,
AARON-JAMES ,3,
AARONAS ,3,
AARUN ,3,
AASHIR ,3,
AAYDEN ,3,
AAZIL ,3,
ABAN ,3,
ABASS ,3,
ABD ,3,
ABDEL ,3,
ABDELAZIZ ,3,
ABDELLAH ,3,
ABDIRAHIM ,3,
ABDOULAYE ,3,
ABDRAHMAN ,3,
ABDU ,3,
ABDUL-WADOOD ,3,
ABDULBASIT ,3,
ABDULHAADI ,3,
ABDULHAMID ,3,
ABDULJABBAR ,3,
ABDULKARIM ,3,
ABDULMUIZZ ,3,
ABDULQADIR ,3,
ABDULRAHIM ,3,
ABDULSALAM ,3,
ABDUR-REHMAN ,3,
ABHIRAJ ,3,
ACEY ,3,
ACHILLE ,3,
ACHILLEAS ,3,
ADAL ,3,
ADAMA ,3,
ADEDAMOLA ,3,
ADEEM ,3,
ADELIN ,3,
ADEMIDE ,3,
ADETAYO ,3,
ADHAM ,3,
ADIN ,3,
ADLER ,3,
ADLEY ,3,
ADRIANO ,3,
ADVIT ,3,
AEDEN ,3,
AENGUS ,3,
AFFAAN ,3,
AGAMDEEP ,3,
AGRIM ,3,
AIDAAN ,3,
AIJAZ ,3,
AIME ,3,
AJAX ,3,
AJIBOLA ,3,
AKAIN ,3,
AKASHDEEP ,3,
AKBAR ,3,
AKBER ,3,
AKITO ,3,
AKSAYAN ,3,
AL-AMEEN ,3,
AL-AMIN ,3,
ALAZAR ,3,
ALBERT-JOE ,3,
ALBIE-JAMES ,3,
ALBIE-JAY ,3,
ALDRIN ,3,
ALDWIN ,3,
ALESIO ,3,
ALEX-JAMES ,3,
ALEXANDA ,3,
ALEXANDAR ,3,
ALEXANDRO ,3,
ALF ,3,
ALFEE ,3,
ALFIE-J ,3,
ALFIE-JAI ,3,
ALFIE-PAUL ,3,
ALFIO ,3,
ALGERNON ,3,
ALIEU ,3,
ALIX ,3,
ALONZO ,3,
ALPHIE ,3,
ALTAIR ,3,
ALUN ,3,
ALWYN ,3,
AMAD ,3,
AMAL ,3,
AMANI ,3,
AMARII ,3,
AMARNI ,3,
AMARU ,3,
AMED ,3,
AMIEL ,3,
AMIT ,3,
AMRO ,3,
AN ,3,
ANASHE ,3,
ANDRAE ,3,
ANESS ,3,
ANGADVEER ,3,
ANIKET ,3,
ANKIT ,3,
ANKUSH ,3,
ANOOP ,3,
ANSHVEER ,3,
ANTEK ,3,
ANTHONY-JOHN ,3,
ANTHONY-JUNIOR ,3,
ANTONIE ,3,
ANTONIN ,3,
ANU ,3,
AQIL ,3,
ARAYAN ,3,
ARBIE ,3,
ARCHIE-JACK ,3,
ARCHIE-JOHN ,3,
ARDAN ,3,
AREES ,3,
ARETAS ,3,
AREZ ,3,
ARIHAN ,3,
ARINZECHUKWU ,3,
ARIYO ,3,
ARJUNA ,3,
ARLI ,3,
ARLO-JAY ,3,
ARRY ,3,
ARSENIY ,3,
ARSHAD ,3,
ARTHUR-GEORGE ,3,
ARTHUR-JOHN ,3,
ARTYOM ,3,
ARUSH ,3,
ARVIND ,3,
ASAIAH ,3,
ASAPH ,3,
ASEEL ,3,
ASHAAN ,3,
ASHAL ,3,
ASHAN ,3,
ASHBY ,3,
ASHDEN ,3,
ASHISH ,3,
ASHKAN ,3,
ASHLEE ,3,
ASHTON-JAMES ,3,
ASHTON-LEE ,3,
ASHVEER ,3,
ASHWYN ,3,
ASIER ,3,
ASIL ,3,
ASSIM ,3,
ATAS ,3,
ATEEB ,3,
ATHAN ,3,
ATHANASIOS ,3,
ATHAVAN ,3,
AUDLEY ,3,
AUGUSTE ,3,
AURELIO ,3,
AURELIUS ,3,
AVAN ,3,
AVIEL ,3,
AVIK ,3,
AVINASH ,3,
AXTON ,3,
AYAD ,3,
AYCE ,3,
AYMAAN ,3,
AYYOUB ,3,
AZAR ,3,
AZIEL ,3,
AZIL ,3,
AZRAEL ,3,
AZRIEL ,3,
AZUOLAS ,3,
AZYAN ,3,
BABOUCARR ,3,
BADEN ,3,
BAILEY-RAE ,3,
BAINE ,3,
BAKER ,3,
BALAZS ,3,
BALINT ,3,
BALTAZAR ,3,
BANE ,3,
BARON ,3,
BARSAM ,3,
BASILE ,3,
BASIR ,3,
BAYDEN ,3,
BEHROUZ ,3,
BEHZAD ,3,
BELIEVE ,3,
BENDEGUZ ,3,
BENEDIKTAS ,3,
BENICIO ,3,
BENITO ,3,
BENOIT ,3,
BENYAMEEN ,3,
BERAN ,3,
BEREKET ,3,
BERTRAND ,3,
BERTY ,3,
BHAVESH ,3,
BILLAL ,3,
BILLY-JAMES ,3,
BILLY-JOHN ,3,
BILLY-RAE ,3,
BILLY-THOMAS ,3,
BLAKELY ,3,
BLAYKE ,3,
BLESSED ,3,
BOBBY-JOHN ,3,
BOBBY-PAUL ,3,
BOGOMIL ,3,
BOHAN ,3,
BOJIDAR ,3,
BORIL ,3,
BOWDEN ,3,
BOWE ,3,
BOZHIDAR ,3,
BRADAN ,3,
BRADLEE ,3,
BRADYN ,3,
BRAJEN ,3,
BRAMWELL ,3,
BRANDEN ,3,
BRAYSON ,3,
BRECCAN ,3,
BRECON ,3,
BRENDEN ,3,
BRENT ,3,
BRODHI ,3,
BRUK ,3,
BRUNON ,3,
BURT ,3,
CAERWYN ,3,
CALON ,3,
CAMERON-JAMES ,3,
CAMILLE ,3,
CAMILO ,3,
CAREY ,3,
CARRICK ,3,
CASEY-LEE ,3,
CATHAL ,3,
CAULEY ,3,
CAVELL ,3,
CECIL ,3,
CHADLEY ,3,
CHANDLER ,3,
CHARLIE-JACK ,3,
CHARLIE-LEE ,3,
CHARLIE-THOMAS ,3,
CHARVIK ,3,
CHAYTON ,3,
CHET ,3,
CHEVY ,3,
CHI ,3,
CHIBUEZE ,3,
CHIBUIKEM ,3,
CHIDERA ,3,
CHIEMEKA ,3,
CHIKAMSO ,3,
CHIMA ,3,
CHIRAG ,3,
CHUKWUDI ,3,
CHUKWUNONSO ,3,
CIRO ,3,
CLEON ,3,
CLIVE ,3,
COADY ,3,
COBY-JAY ,3,
CODA ,3,
COLE-JAMES ,3,
COLETON ,3,
COLEY ,3,
CONNELL ,3,
CONNOR-JAMES ,3,
CONNOR-LEE ,3,
CONRAN ,3,
CONROY ,3,
COOPER-JAMES ,3,
COREY-JAMES ,3,
COREY-JAY ,3,
COREY-LEE ,3,
COSMIN ,3,
COVEY ,3,
CRAIG-JUNIOR ,3,
CRUE ,3,
CSONGOR ,3,
CUAN ,3,
CUBAN ,3,
CUINN ,3,
DAAN ,3,
DACHI ,3,
DAHIR ,3,
DAICHI ,3,
DAITON ,3,
DALHA ,3,
DANIELIS ,3,
DANIL ,3,
DANNIEL ,3,
DANNY-JAMES ,3,
DANUJAN ,3,
DANUT ,3,
DANYAR ,3,
DARSHIK ,3,
DARYUS ,3,
DAVID-JUNIOR ,3,
DAVIT ,3,
DAYAL ,3,
DAYAN ,3,
DE ,3,
DEACON-JAMES ,3,
DEANDRE ,3,
DEINIOL ,3,
DEJAN ,3,
DELAN ,3,
DELIGHT ,3,
DEMIAN ,3,
DENISLAV ,3,
DENISS ,3,
DEO ,3,
DEONDRE ,3,
DERICK ,3,
DERIN ,3,
DEUEL ,3,
DEVAANSH ,3,
DEVAM ,3,
DEVRIM ,3,
DHANI ,3,
DHANVEER ,3,
DHEER ,3,
DHEERAN ,3,
DHEVAN ,3,
DHILLAN ,3,
DHYAAN ,3,
DIAMOND ,3,
DIDAR ,3,
DIDIER ,3,
DIGORY ,3,
DILAWAR ,3,
DIONTE ,3,
DIYAAN ,3,
DIYARI ,3,
DMYTRO ,3,
DOMENIC ,3,
DON ,3,
DONNACHA ,3,
DONTAY ,3,
DORAN ,3,
DOUGAL ,3,
DRUE ,3,
DRUMMOND ,3,
DUMITRU ,3,
DURIEL ,3,
DUSTY ,3,
DWIGHT ,3,
DZIUGAS ,3,
EARL ,3,
EATHAN ,3,
EBBEN ,3,
EBRAHEEM ,3,
EDAS ,3,
EDEM ,3,
EDEN-JAMES ,3,
EDGARAS ,3,
EDI ,3,
EDRIC ,3,
EDSON ,3,
EDUARDS ,3,
EDVARDS ,3,
EDWARD-JAMES ,3,
EDY ,3,
EEQAN ,3,
EESHAN ,3,
EFOSA ,3,
EFREN ,3,
EGOR ,3,
EID ,3,
EIDANAS ,3,
EIJI ,3,
EIRIK ,3,
EISSA ,3,
EITA ,3,
EITHAN ,3,
EIVIN ,3,
EKTOR ,3,
EL ,3,
ELCHONON ,3,
ELDI ,3,
ELHADJ ,3,
ELIA ,3,
ELIAKIM ,3,
ELIAM ,3,
ELIH ,3,
ELIJAS ,3,
ELIOS ,3,
ELIUD ,3,
ELIYAH ,3,
ELKANAH ,3,
ELLIOTT-JAMES ,3,
ELYON ,3,
EMAN ,3,
EMERY ,3,
EMMANOUIL ,3,
ENDEAVOUR ,3,
ENRIC ,3,
ERAN ,3,
ERDI ,3,
ERGI ,3,
ERHAN ,3,
ERMIS ,3,
EROMOSELE ,3,
ERTUGRUL ,3,
ERWAN ,3,
ERWIN ,3,
ESAM ,3,
ESHWAR ,3,
ESMOND ,3,
ESSEY ,3,
ETHAN-JAY ,3,
ETHAN-THOMAS ,3,
EVAAN ,3,
EVANS ,3,
EVERSON ,3,
EVYN ,3,
EXCELLENCE ,3,
EYAS ,3,
EYTAN ,3,
EZRIEL ,3,
FABRICE ,3,
FABRICIO ,3,
FAHED ,3,
FARAH ,3,
FARDEEN ,3,
FAROUK ,3,
FAROUQ ,3,
FARRELL ,3,
FARREN ,3,
FARRIS ,3,
FAUZAN ,3,
FAYAAZ ,3,
FAYAZ ,3,
FERNLEY ,3,
FILIPE ,3,
FILIPPOS ,3,
FINTON ,3,
FIYINFOLUWA ,3,
FLINN ,3,
FLYN ,3,
FORBES ,3,
FOSTER ,3,
FOXX ,3,
FRANKI ,3,
FREDDIE-DEAN ,3,
FREDDIE-GEORGE ,3,
FREDI ,3,
GABRIELIS ,3,
GAD ,3,
GADIEL ,3,
GAURAV ,3,
GERSHON ,3,
GHAZI ,3,
GILBY ,3,
GIOELE ,3,
GLEN ,3,
GODFRED ,3,
GODSWILL ,3,
GRADY ,3,
GRAE ,3,
GRANTAS ,3,
GRIFFYN ,3,
GRYFFIN ,3,
GULAM ,3,
GULED ,3,
GURPARTAP ,3,
GURPREET ,3,
GURSHAAN ,3,
GWYN ,3,
HAAMID ,3,
HAAZIQ ,3,
HABIBULLAH ,3,
HADY ,3,
HAILE ,3,
HAITHAM ,3,
HALE ,3,
HALEN ,3,
HALLAM ,3,
HAMIM ,3,
HAMMAM ,3,
HANEEF ,3,
HANNAN ,3,
HANNES ,3,
HANNIBAL ,3,
HANSEL ,3,
HANSEN ,3,
HARAN ,3,
HARBOUR ,3,
HARJAS ,3,
HARLEY-JACK ,3,
HARLI ,3,
HARPER-LEE ,3,
HARRISON-JAMES ,3,
HARRY-JOHN ,3,
HARRY-LEE ,3,
HARSHA ,3,
HARSHIL ,3,
HARSIMRAN ,3,
HARVEY-J ,3,
HARVEY-JACK ,3,
HARVEY-JOE ,3,
HARVEY-JOHN ,3,
HARYAD ,3,
HASHAAM ,3,
HASSAAN ,3,
HAYAN ,3,
HAYAT ,3,
HAZEEM ,3,
HAZEM ,3,
HEATHCLIFFE ,3,
HEAVEN ,3,
HEDD ,3,
HEMI ,3,
HENDERSON ,3,
HENDRICK ,3,
HENOK ,3,
HENRY-GEORGE ,3,
HERMES ,3,
HESAM ,3,
HIMAT ,3,
HO ,3,
HOSSAM ,3,
HOSSEIN ,3,
HRIDAY ,3,
HRIDHAAN ,3,
HRIHAAN ,3,
HUDAYFA ,3,
HUDAYFAH ,3,
HUDEYFA ,3,
HUDHAIFA ,3,
HUDHAIFAH ,3,
HUKAM ,3,
HUNAIN ,3,
HUNTER-LEE ,3,
HUNTLEY ,3,
HURR ,3,
HUZAYFA ,3,
IACOPO ,3,
IAN-JUNIOR ,3,
IBAD ,3,
IBRAHEM ,3,
IBRAR ,3,
IBUKUNOLUWA ,3,
IDAN ,3,
IDEN ,3,
IFEANYICHUKWU ,3,
IKE ,3,
ILAY ,3,
ILHAN ,3,
ILIYA ,3,
ILKAY ,3,
ILLYA ,3,
ILYAN ,3,
INDER ,3,
IONEL ,3,
IREMIDE ,3,
IREOLUWATOMIWA ,3,
IROH ,3,
IS'HAQ ,3,
ISAA ,3,
ISAAC-JAY ,3,
ISACC ,3,
ISMA'IL ,3,
ISMAAEL ,3,
ISSAK ,3,
IVAYLO ,3,
IVEN ,3,
IWINOSA ,3,
IYAAZ ,3,
IYAN ,3,
IZACC ,3,
IZACK ,3,
IZAN ,3,
IZEYAH ,3,
IZHAAN ,3,
IZYAAN ,3,
JABRIL ,3,
JACOB-JOE ,3,
JACOB-JOHN ,3,
JACOBI ,3,
JAGGER ,3,
JAGNOOR ,3,
JAGRAJ ,3,
JAHAZIEL ,3,
JAHDEL ,3,
JAHID ,3,
JAHMAL ,3,
JAHMEL ,3,
JAHMOY ,3,
JAMES-ANTHONY ,3,
JAMES-DEAN ,3,
JANEK ,3,
JAPMAN ,3,
JARETH ,3,
JARRYD ,3,
JASDEEP ,3,
JASH ,3,
JASIAH ,3,
JASKARAN ,3,
JASMAN ,3,
JASON-JUNIOR ,3,
JASPAR ,3,
JASPREET ,3,
JASSIM ,3,
JAWAAD ,3,
JAXSON-JAY ,3,
JAXSON-LEE ,3,
JAYANTH ,3,
JAYCUB ,3,
JAYDEN-JAY ,3,
JAYDEN-LEIGH ,3,
JAYE ,3,
JAYKOB ,3,
JAYMIN ,3,
JAYRAJ ,3,
JAYSE ,3,
JAZAIAH ,3,
JEDD ,3,
JEEVANSH ,3,
JENSEN-JAMES ,3,
JENSON-JOHN ,3,
JENSON-JOSEPH ,3,
JESAIAH ,3,
JESHURUN ,3,
JESSE-LEE ,3,
JESTON ,3,
JIAN ,3,
JIBRAEL ,3,
JIMMY-DEAN ,3,
JIMMY-JAMES ,3,
JIMMY-RAY ,3,
JING ,3,
JIRAIYA ,3,
JIREH ,3,
JIVAN ,3,
JO ,3,
JOBEN ,3,
JOBEY ,3,
JOBI ,3,
JOESEPH ,3,
JOHN-BOY ,3,
JOHN-HENRY ,3,
JOHNY ,3,
JOLYON ,3,
JON-PAUL ,3,
JOOLS ,3,
JORDY ,3,
JORGIE ,3,
JORI ,3,
JOSEPH-JOHN ,3,
JOSEPH-JUNIOR ,3,
JOSHUAH ,3,
JUD ,3,
JUGAAD ,3,
JUGRAJ ,3,
JUMA ,3,
JUNKAI ,3,
JUSTUS ,3,
KABEL ,3,
KAELEM ,3,
KAENAN ,3,
KAGAN ,3,
KAIDON ,3,
KAIEN ,3,
KAII ,3,
KAINAN ,3,
KAIRAN ,3,
KAIYAAN ,3,
KAIYON ,3,
KALAN ,3,
KALIL ,3,
KALIN ,3,
KALMAN ,3,
KALUB ,3,
KALUM ,3,
KAMAR ,3,
KAMARNI ,3,
KAMAU ,3,
KANAN ,3,
KARANVIR ,3,
KARDIN ,3,
KAREL ,3,
KASPARAS ,3,
KAVALLI ,3,
KAYDE ,3,
KAYDEN-JAY ,3,
KAYSON-JAMES ,3,
KAYVAN ,3,
KAYYAN ,3,
KAZIAH ,3,
KEBBA ,3,
KEELEN ,3,
KEITA ,3,
KENDALL ,3,
KESTON ,3,
KEVAN ,3,
KHADIM ,3,
KHALEL ,3,
KHANG ,3,
KHAQAN ,3,
KHODI ,3,
KHYAN ,3,
KIA ,3,
KIARASH ,3,
KIEDIS ,3,
KIEON ,3,
KIMANI ,3,
KINAAN ,3,
KINSLEY ,3,
KIPP ,3,
KIRILLS ,3,
KLAUS ,3,
KLEART ,3,
KOAN ,3,
KOBAN ,3,
KOBYN ,3,
KOHAN ,3,
KOI ,3,
KOLBIE ,3,
KONNOR ,3,
KOOPER ,3,
KORBIN ,3,
KOREY-LEE ,3,
KOSTA ,3,
KRASIMIR ,3,
KRISTAPS ,3,
KRISZTIAN ,3,
KUMAIL ,3,
KUNAL ,3,
KUSHAL ,3,
KWADWO ,3,
KYAAN ,3,
KYLE-JUNIOR ,3,
KYLON ,3,
KYRAN-JAMES ,3,
KYREE ,3,
LABIB ,3,
LACHEZAR ,3,
LAIGHTON ,3,
LAKHAN ,3,
LAKSHAN ,3,
LAKSHYA ,3,
LAMONT ,3,
LANDO ,3,
LARENZ ,3,
LAVELL ,3,
LAWEE ,3,
LAWIN ,3,
LAWY ,3,
LAYAD ,3,
LAYLAN ,3,
LAYSON ,3,
LAYTON-JAY ,3,
LAYTON-LEE ,3,
LAZAR ,3,
LAZARUS ,3,
LAZER ,3,
LEART ,3,
LEDLEY ,3,
LEE-JUNIOR ,3,
LEI ,3,
LEIGHLAND ,3,
LENNY-JOE ,3,
LEONARDAS ,3,
LEONAS ,3,
LEONID ,3,
LEONIS ,3,
LEVAN ,3,
LEVIN ,3,
LEVY ,3,
LEWAN ,3,
LEWEN ,3,
LIBAN ,3,
LIEV ,3,
LIN ,3,
LINAS ,3,
LINKIN ,3,
LIR ,3,
LJ ,3,
LJAY ,3,
LOAY ,3,
LOCHLAIN ,3,
LOCHLAINN ,3,
LOCHLYN ,3,
LOCKLEN ,3,
LOGAN-JACK ,3,
LONAN ,3,
LORAND ,3,
LORIEN ,3,
LOU ,3,
LOUEY ,3,
LOUIE-JOE ,3,
LUCA-GABRIEL ,3,
LUCA-GEORGE ,3,
LUCAH ,3,
LUCJAN ,3,
LUKAH ,3,
LUKE-JUNIOR ,3,
LUX ,3,
LYNCOLN ,3,
LYNCON ,3,
MAAN ,3,
MADS ,3,
MADYAN ,3,
MAGOR ,3,
MAHAAN ,3,
MAHAMMED ,3,
MAHAMUD ,3,
MAHAN ,3,
MAHEER ,3,
MAHOMED ,3,
MAHREZ ,3,
MAIWAND ,3,
MAJOR ,3,
MAKAIO ,3,
MALACHAI ,3,
MALAKHI ,3,
MALIKI ,3,
MALIQUE ,3,
MALONE ,3,
MANASSEH ,3,
MANEET ,3,
MANEL ,3,
MANFRED ,3,
MANNI ,3,
MANNIX ,3,
MANROOP ,3,
MANSON ,3,
MANSOUR ,3,
MANU ,3,
MANVIR ,3,
MARAT ,3,
MARKEL ,3,
MARLIE ,3,
MAROS ,3,
MARSEL ,3,
MARTIAL ,3,
MARTYN ,3,
MARVELLOUS ,3,
MARVELOUS ,3,
MARYO ,3,
MASON-JOHN ,3,
MASOUD ,3,
MASUD ,3,
MATAN ,3,
MATEJ ,3,
MATEY ,3,
MATIS ,3,
MATTHEUS ,3,
MAWGAN ,3,
MAYANK ,3,
MCCAULEY ,3,
MCKENZIE-JAMES ,3,
MD. ,3,
MENDEL ,3,
MERLYN ,3,
MERRICK ,3,
MICHAEL-JOHN ,3,
MICHAEL-JUNIOR ,3,
MICHELANGELO ,3,
MICHELE ,3,
MIDHUN ,3,
MIHALY ,3,
MIKAAL ,3,
MIKAYEEL ,3,
MILLAR ,3,
MIO ,3,
MIRAZ ,3,
MIRWAIS ,3,
MIRZAN ,3,
MISHAEL ,3,
MITCH ,3,
MITCHEL ,3,
MIVAAN ,3,
MIZAN ,3,
MO ,3,
MOBEEN ,3,
MOHAB ,3,
MOHAMEDAMIN ,3,
MOHAMMAD-IBRAHIM ,3,
MOHAMMED-AYAAN ,3,
MOHAMMED-HAMZA ,3,
MOHAMMED-MUSA ,3,
MOHAMMED-YUSUF ,3,
MOHIB ,3,
MOHIT ,3,
MOKSH ,3,
MONCEF ,3,
MONTAGU ,3,
MORDCHE ,3,
MORDECAI ,3,
MORDECHI ,3,
MORITZ ,3,
MORLEY ,3,
MOSEY ,3,
MOSIAH ,3,
MOUHAMED ,3,
MOURAD ,3,
MOUSTAFA ,3,
MOUSTAPHA ,3,
MUAYID ,3,
MUDASIR ,3,
MUHAIMIN ,3,
MUHAMET ,3,
MUHAMMAD-ADAM ,3,
MUHAMMAD-DEEN ,3,
MUHAMMAD-HASSAAN ,3,
MUHAMMAD-HASSAN ,3,
MUHAMMAD-HUSSAIN ,3,
MUHAMMAD-ISMAEEL ,3,
MUHAMMAD-UMAR ,3,
MUHAMMAD-YOUSUF ,3,
MUHAMMAD-ZAKARIYYA ,3,
MUHAMMED-IBRAHIM ,3,
MUHAMMED-MUSA ,3,
MUHAMMET ,3,
MUHAMMOD ,3,
MUHIB ,3,
MUKARRAM ,3,
MUKHTAR ,3,
MUNASHE ,3,
MUNAWAR ,3,
MURDO ,3,
MUSTAQEEM ,3,
MUTASIM ,3,
NAAIL ,3,
NABHAAN ,3,
NAFTALI ,3,
NAFTULI ,3,
NAIEL ,3,
NAITIK ,3,
NAJEEB ,3,
NALAN ,3,
NAMEER ,3,
NAOISE ,3,
NAPHTALI ,3,
NARYAN ,3,
NASH ,3,
NASIM ,3,
NASR ,3,
NASRI ,3,
NATHAN-JAMES ,3,
NATNAEL ,3,
NAVIN ,3,
NAWFAL ,3,
NAYEEM ,3,
NEBI ,3,
NEEKO ,3,
NEGAN ,3,
NEILAS ,3,
NEITONAS ,3,
NERIAH ,3,
NEVIN ,3,
NEZIAH ,3,
NIAL ,3,
NIAN ,3,
NIAZ ,3,
NICKY ,3,
NICOLA ,3,
NICOS ,3,
NIHAN ,3,
NIK ,3,
NIKESH ,3,
NIKKO ,3,
NIKLAS ,3,
NILS ,3,
NIRAV ,3,
NISHANT ,3,
NITYA ,3,
NIYAZ ,3,
NIZAM ,3,
NOAH-GEORGE ,3,
NOAH-JOHN ,3,
NOAN ,3,
NOLEN ,3,
NORAIZ ,3,
NORTON ,3,
NOSAKHARE ,3,
NOSSON ,3,
NOYAN ,3,
NUAYM ,3,
NUR ,3,
OAK ,3,
OAKLEIGH ,3,
OAKLYN ,3,
OBALOLUWA ,3,
ODYSSEUS ,3,
OGHENEBRUME ,3,
OGHENETEGA ,3,
OHENE ,3,
OKTAWIAN ,3,
OLAN ,3,
OLANREWAJU ,3,
OLAOLUWAKITAN ,3,
OLASUBOMI ,3,
OLIVER-LEE ,3,
OLLIE-JAI ,3,
OLLY-JAMES ,3,
OLTI ,3,
OLUMIDE ,3,
OLUWAKAYODE ,3,
OLUWASEMILORE ,3,
OLUWASEUN ,3,
OMI ,3,
ONDREJ ,3,
ONYEDIKACHI ,3,
ONYEKACHUKWU ,3,
ORGES ,3,
ORLEY ,3,
OSIAN-LEE ,3,
OSLO ,3,
OSSIE ,3,
OSWIN ,3,
OSZKAR ,3,
OWI ,3,
OZIAS ,3,
PANAV ,3,
PARHAM ,3,
PARIN ,3,
PATRIC ,3,
PATRICIO ,3,
PATRIKS ,3,
PAU ,3,
PAULIE ,3,
PAVITH ,3,
PAVLOS ,3,
PAVOL ,3,
PEARCE ,3,
PEARSE ,3,
PETE ,3,
PHAREZ ,3,
PRABHGUN ,3,
PRABHNOOR ,3,
PRABHVEER ,3,
PRANEEL ,3,
PRATEEK ,3,
PRAVAN ,3,
PRAVIN ,3,
PRAYAAG ,3,
PRAYAG ,3,
PRECIOUS ,3,
PREHAAN ,3,
QAIM ,3,
QUADE ,3,
QUAN ,3,
RAAHIM ,3,
RAAM ,3,
RADEK ,3,
RAEON ,3,
RAFAELE ,3,
RAFFY ,3,
RAFIQ ,3,
RAHMEL ,3,
RAINE ,3,
RAIVEER ,3,
RAIVO ,3,
RAIYAAN ,3,
RAKAI ,3,
RALEIGH ,3,
RAMEEZ ,3,
RAMIRO ,3,
RAMIZ ,3,
RANDALL ,3,
RANELL ,3,
RANULF ,3,
RAO ,3,
RAPHA ,3,
RAQIB ,3,
RASAN ,3,
RASMUS ,3,
RAUF ,3,
RAURI ,3,
RAYDEN ,3,
RAYGAN ,3,
RAZIN ,3,
RAZWAN ,3,
REECO ,3,
REGA ,3,
REGAN-LEE ,3,
REGGI ,3,
REMARI ,3,
REMIEL ,3,
REMIGIUSZ ,3,
REMMY ,3,
REMZI ,3,
RENAT ,3,
REUBEN-JAMES ,3,
REUBEN-LEE ,3,
REUVEN ,3,
REYHAN ,3,
REYON ,3,
RHIAN ,3,
RHILEY ,3,
RHUBEN ,3,
RHUN ,3,
RHYAN ,3,
RICHMOND ,3,
RICKY-LEE ,3,
RIDWAAN ,3,
RIEN ,3,
RIFAT ,3,
RIKARDO ,3,
RILEE ,3,
RILEY-JOE ,3,
RILEY-JOHN ,3,
RISHAV ,3,
RITHWIK ,3,
RIVAN ,3,
RIVER-LEE ,3,
RIYYAN ,3,
ROB ,3,
ROBEL ,3,
ROCK ,3,
ROCKET ,3,
RODERICK ,3,
RODIN ,3,
ROHIN ,3,
ROLAN ,3,
ROMAAN ,3,
ROMAE ,3,
ROMAIN ,3,
RONELL ,3,
RONIT ,3,
ROOP ,3,
RUBEN-LEE ,3,
RUDRAKSH ,3,
RUDRANSH ,3,
RUEBAN ,3,
RUNE ,3,
RUSLANS ,3,
RUSTY ,3,
RUTHVIK ,3,
RYAD ,3,
RYDER-JAMES ,3,
RYE ,3,
S ,3,
SAABIR ,3,
SAAHIL ,3,
SAAHIR ,3,
SAALEH ,3,
SAAVAN ,3,
SABASTIAN ,3,
SABIQ ,3,
SAFEER ,3,
SAGAR ,3,
SAHA ,3,
SAHEB ,3,
SAHIBDEEP ,3,
SAHIBJOT ,3,
SAHIBPREET ,3,
SAKIB ,3,
SALAHUDDEEN ,3,
SALAHUDIN ,3,
SALAR ,3,
SALIH ,3,
SAMAN ,3,
SAMANYU ,3,
SAMATAR ,3,
SAMAY ,3,
SAMRAJ ,3,
SAMRAT ,3,
SAMVIR ,3,
SAMYAR ,3,
SANAV ,3,
SANCHIT ,3,
SANDEEP ,3,
SANDY ,3,
SANJAY ,3,
SANSAR ,3,
SANTANA ,3,
SANVIR ,3,
SATHVIK ,3,
SAVAN ,3,
SAVIO ,3,
SAVRAJ ,3,
SAYMON ,3,
SAYYED ,3,
SEBASTIAAN ,3,
SEBASTIANAS ,3,
SEIF ,3,
SELBY ,3,
SENNA ,3,
SENON ,3,
SERAFIN ,3,
SEREN ,3,
SERIGNE ,3,
SETHIKA ,3,
SHABAN ,3,
SHAFIN ,3,
SHAHAAN ,3,
SHAHEEM ,3,
SHAHIN ,3,
SHAHWAIZ ,3,
SHAIKH ,3,
SHAILEN ,3,
SHAKAI ,3,
SHAKEEM ,3,
SHAMMAI ,3,
SHAMS ,3,
SHAMUS ,3,
SHANE-JUNIOR ,3,
SHARVIL ,3,
SHARVIN ,3,
SHEIK ,3,
SHEKH ,3,
SHEM ,3,
SHEPHERD ,3,
SHERVIN ,3,
SHIRO ,3,
SHIVAAN ,3,
SHIVAY ,3,
SHIVRAJ ,3,
SHLOMIE ,3,
SHOLOM ,3,
SHOLTO ,3,
SHOURYA ,3,
SHREYANSH ,3,
SHRIHAN ,3,
SHUAYB ,3,
SHURAIM ,3,
SHYAM ,3,
SIBTAIN ,3,
SIDAR ,3,
SIEM ,3,
SILVIU ,3,
SIMBA ,3,
SIRAAJ ,3,
SIRE ,3,
SIRUS ,3,
SIYAAM ,3,
SMIT ,3,
SOFIANE ,3,
SOHAIL ,3,
SPARSH ,3,
SRIHAN ,3,
SRULI ,3,
STANIMIR ,3,
STANLEE ,3,
STEPAN ,3,
STEWIE ,3,
STILES ,3,
STONE ,3,
STYLIANOS ,3,
SUBHAN-ALI ,3,
SUFIYAAN ,3,
SUHAN ,3,
SUKHDEEP ,3,
SUKHVEER ,3,
SUTTON ,3,
SVANIK ,3,
SYLAR ,3,
SYLAS ,3,
SYLWESTER ,3,
TAAFEEF ,3,
TABISH ,3,
TADGH ,3,
TAHER ,3,
TAISON ,3,
TAIWO ,3,
TAJVEER ,3,
TAJWAR ,3,
TALAN ,3,
TALEN ,3,
TALIB ,3,
TALLON ,3,
TAM ,3,
TAMER ,3,
TANZEEL ,3,
TARIK ,3,
TARKA ,3,
TASEEN ,3,
TATENDA ,3,
TAURAS ,3,
TAYDEN ,3,
TAYTE ,3,
TAYVON ,3,
TAZE ,3,
TAZNEEM ,3,
TEGHVEER ,3,
TEIFION ,3,
TEJAN ,3,
TEMILOLUWA ,3,
TENIOLA ,3,
TEY ,3,
THABO ,3,
THAI ,3,
THASWIN ,3,
THATCHER ,3,
THEO-JOHN ,3,
THEO-LEE ,3,
THIBAULT ,3,
THIVYAN ,3,
THOM ,3,
THOMAS-JAY ,3,
THOMAS-JOHN ,3,
THOMPSON ,3,
THORN ,3,
TIHAMI ,3,
TIJAN ,3,
TIJUS ,3,
TILAK ,3,
TILEN ,3,
TIMO ,3,
TION ,3,
TISHAN ,3,
TITOBIOLUWA ,3,
TJAY ,3,
TOBENNA ,3,
TOBIA ,3,
TOLUWANI ,3,
TOLUWANIMI ,3,
TOMMY-RAY ,3,
TOMS ,3,
TONI ,3,
TONY-JUNIOR ,3,
TORREN ,3,
TRAE ,3,
TRIM ,3,
TRISHAN ,3,
TRISTAN-JAMES ,3,
TRISTIAN ,3,
TRISTYN ,3,
TRIUMPH ,3,
TUDUR ,3,
TYBERIUS ,3,
TYGA ,3,
TYLEN ,3,
TYLER-JAI ,3,
TYLER-RAY ,3,
TYRAE ,3,
TYRAN ,3,
TYRUS ,3,
UCHE ,3,
UGNIUS ,3,
UGUR ,3,
ULYSSES ,3,
UMAIS ,3,
UNAI ,3,
URIJAH ,3,
VAARIS ,3,
VAN ,3,
VARIN ,3,
VASCO ,3,
VASILIS ,3,
VEDH ,3,
VEHAAN ,3,
VENCEL ,3,
VIET ,3,
VIGNESH ,3,
VIHAN ,3,
VIJAY ,3,
VIKRANT ,3,
VINCENTAS ,3,
VINNIE-GEORGE ,3,
VINNIE-J ,3,
VINNIE-JAY ,3,
VINNIE-RAY ,3,
VISHWA ,3,
WAHAJ ,3,
WAHIB ,3,
WAHID ,3,
WESTLEY ,3,
WILFIE ,3,
WILIAM ,3,
WILLIE ,3,
WOLFIE ,3,
WRAITH ,3,
YAAQUB ,3,
YAASIR ,3,
YACOOB ,3,
YAGIZ ,3,
YAIR ,3,
YAKOB ,3,
YANI ,3,
YANKUBA ,3,
YANKY ,3,
YARED ,3,
YASHVEER ,3,
YAW ,3,
YAZEED ,3,
YECHEZKEL ,3,
YEHIA ,3,
YIDDY ,3,
YISHAI ,3,
YONA ,3,
YONATAN ,3,
YONUS ,3,
YOSIF ,3,
YOSUF ,3,
YUMA ,3,
YUSSEF ,3,
YUSSUF ,3,
YUTO ,3,
YUVANSH ,3,
ZACARY ,3,
ZACCAI ,3,
ZACHARIYAH ,3,
ZACHARY-JAMES ,3,
ZADE ,3,
ZAHIDULLAH ,3,
ZAHIN ,3,
ZAIYAAN ,3,
ZAKAREEYA ,3,
ZAKARI ,3,
ZAMAR ,3,
ZAYER ,3,
ZEBEDIAH ,3,
ZED ,3,
ZENITH ,3,
ZENTE ,3,
ZEPH ,3,
ZEPHAN ,3,
ZETHAN ,3,
ZOHAAN ,3,
ZORAIZ ,3,
ZURIEL ,3,
ZYLAN ,3,
,,
,,
,,
,,
,,
,,
,,
,,
,,
,,Released: 20 September 2017
